Birth City,Number of Players,Mean Player Salary,Median Player Salary,Player Salary Variance,Player Salary Std. Dev.,Player Salary Std. Error
Santo Domingo,83,"$3,943,441","$1,490,000","$26,920,074,491,025","$5,188,456","$262,057"
Houston,48,"$3,294,343","$1,175,000","$18,265,536,164,946","$4,273,820","$284,290"
San Pedro de Macoris,38,"$3,954,237","$1,000,000","$29,670,602,173,561","$5,447,073","$443,276"
San Diego,33,"$3,545,081","$2,000,000","$23,578,162,960,546","$4,855,735","$364,979"
Caracas,30,"$3,372,866","$1,762,500","$15,290,982,817,113","$3,910,369","$299,912"
Los Angeles,29,"$2,648,918","$1,050,000","$9,660,219,085,158","$3,108,089","$253,774"
Miami,24,"$1,239,391","$505,600","$1,732,277,104,068","$1,316,160","$144,467"
Dallas,24,"$1,860,588","$509,662","$18,387,294,014,648","$4,288,041","$520,001"
Atlanta,22,"$2,232,524","$975,000","$5,701,369,388,784","$2,387,754","$229,762"
San Cristobal,22,"$2,449,200","$807,500","$12,188,525,562,947","$3,491,207","$400,469"
Tampa,21,"$3,924,095","$2,750,000","$14,667,941,724,248","$3,829,875","$392,937"
La Habana,20,"$2,107,012","$875,000","$5,907,387,960,650","$2,430,512","$303,814"
Valencia,19,"$3,110,384","$750,000","$26,611,309,524,317","$5,158,615","$587,879"
Long Beach,19,"$2,221,542","$850,000","$7,139,760,327,958","$2,672,033","$308,540"
Santiago,18,"$3,186,269","$1,500,000","$15,793,123,513,615","$3,974,056","$405,600"
Maracay,18,"$5,274,501","$2,500,000","$38,713,219,580,951","$6,221,995","$628,516"
Cincinnati,17,"$2,717,255","$1,037,500","$10,297,261,426,482","$3,208,935","$363,340"
Maracaibo,17,"$2,123,904","$750,000","$9,711,719,264,510","$3,116,363","$402,321"
Sacramento,17,"$3,468,319","$1,450,000","$14,524,673,529,042","$3,811,125","$413,375"
Rio Piedras,16,"$2,345,750","$1,325,000","$6,316,553,865,293","$2,513,276","$280,993"
Chicago,14,"$1,714,319","$837,500","$3,868,778,758,062","$1,966,921","$267,664"
Fort Lauderdale,14,"$1,574,018","$505,600","$3,718,272,543,646","$1,928,282","$312,809"
Bani,13,"$2,793,444","$975,000","$14,866,641,946,852","$3,855,728","$493,675"
San Jose,13,"$2,053,762","$495,600","$11,271,170,348,301","$3,357,256","$530,829"
St. Louis,13,"$4,945,971","$900,000","$57,721,896,369,836","$7,597,493","$1,108,208"
Columbus,13,"$5,097,560","$4,675,000","$21,306,593,287,730","$4,615,907","$581,550"
Portland,13,"$3,036,537","$1,225,000","$16,627,597,444,793","$4,077,695","$530,871"
Springfield,13,"$2,827,841","$1,000,000","$20,500,447,514,615","$4,527,742","$579,718"
Jacksonville,13,"$2,650,287","$1,188,000","$9,934,719,178,761","$3,151,939","$393,992"
Louisville,13,"$2,374,723","$1,012,500","$8,824,994,152,277","$2,970,689","$328,058"
Las Vegas,13,"$3,403,659","$742,500","$32,772,676,545,761","$5,724,742","$793,879"
Fullerton,12,"$3,365,553","$700,000","$15,969,718,906,116","$3,996,213","$656,973"
New York,12,"$6,855,614","$2,750,000","$92,384,453,928,288","$9,611,683","$1,095,353"
Austin,12,"$2,748,619","$1,500,000","$11,140,227,662,420","$3,337,698","$380,366"
Fort Worth,11,"$2,835,330","$1,490,000","$16,794,216,441,636","$4,098,075","$597,766"
Phoenix,11,"$3,055,651","$1,080,000","$16,249,321,898,149","$4,031,045","$564,459"
La Romana,11,"$3,062,038","$525,500","$16,036,029,878,262","$4,004,501","$590,431"
Memphis,10,"$855,019","$500,000","$810,884,092,946","$900,491","$161,733"
Orange,10,"$2,702,027","$500,000","$13,458,498,824,512","$3,668,583","$572,936"
Dayton,10,"$3,057,414","$900,000","$18,252,599,322,660","$4,272,306","$793,347"
Tucson,10,"$3,152,342","$500,000","$19,466,200,121,830","$4,412,052","$689,047"
Kansas City,10,"$3,296,504","$3,000,000","$8,574,369,312,939","$2,928,202","$427,122"
Baton Rouge,10,"$4,700,891","$2,062,500","$25,584,104,617,830","$5,058,073","$632,259"
Brooklyn,10,"$2,355,870","$1,550,000","$3,722,753,315,799","$1,929,444","$260,166"
Torrance,10,"$1,533,641","$850,000","$3,175,691,828,273","$1,782,047","$285,356"
Oakland,10,"$4,889,609","$4,000,000","$18,744,359,108,948","$4,329,476","$645,400"
Birmingham,10,"$1,649,185","$550,000","$4,736,820,438,717","$2,176,424","$373,254"
San Juan,10,"$3,647,571","$1,125,000","$19,741,114,009,922","$4,443,097","$599,107"
Lafayette,9,"$1,841,295","$600,000","$9,979,211,277,976","$3,158,989","$493,351"
Hattiesburg,9,"$517,844","$426,000","$151,362,071,305","$389,053","$82,946"
Baltimore,9,"$1,863,060","$775,000","$6,144,206,301,692","$2,478,751","$413,125"
Cleveland,9,"$1,736,681","$1,037,500","$2,768,536,375,629","$1,663,892","$263,084"
Anaheim,9,"$1,796,900","$543,000","$4,977,263,078,820","$2,230,978","$382,610"
Indianapolis,9,"$1,375,283","$508,925","$2,938,427,757,222","$1,714,184","$307,877"
Riverside,9,"$3,726,276","$1,150,000","$33,813,636,489,155","$5,814,949","$848,198"
Lexington,8,"$2,264,263","$930,000","$5,983,042,542,553","$2,446,026","$425,798"
Barquisimeto,8,"$1,340,576","$550,000","$1,521,434,006,914","$1,233,464","$202,780"
Vancouver,8,"$1,536,208","$411,950","$4,105,232,805,841","$2,026,137","$477,565"
Washington,8,"$3,002,216","$550,000","$20,758,991,886,731","$4,556,204","$818,318"
Orlando,8,"$4,166,358","$547,100","$51,924,017,727,519","$7,205,832","$1,254,374"
Fontana,8,"$2,217,768","$1,005,000","$5,346,558,605,642","$2,312,263","$415,295"
Santurce,8,"$4,234,789","$1,125,000","$21,952,804,657,184","$4,685,382","$760,069"
Newport Beach,8,"$3,027,964","$507,300","$24,624,173,090,591","$4,962,275","$937,782"
Pittsburgh,8,"$1,443,092","$450,000","$4,177,586,888,267","$2,043,915","$408,783"
Puerto Cabello,8,"$4,751,563","$622,650","$47,101,936,144,744","$6,863,085","$1,177,009"
Seattle,8,"$2,539,783","$950,000","$6,704,050,455,521","$2,589,218","$377,676"
Willemstad,8,"$4,354,118","$1,212,500","$27,944,079,864,898","$5,286,216","$981,626"
Santa Barbara,8,"$1,632,161","$950,000","$2,450,503,334,325","$1,565,408","$295,834"
Tulsa,8,"$948,486","$513,350","$1,361,636,418,377","$1,166,892","$248,782"
Pasadena,7,"$4,258,695","$1,400,000","$28,783,497,069,535","$5,365,025","$859,092"
Bayamon,7,"$2,677,827","$1,200,000","$14,522,083,089,512","$3,810,785","$595,145"
Wilmington,7,"$1,055,869","$650,000","$769,553,561,502","$877,242","$162,900"
Knoxville,7,"$5,461,581","$1,193,800","$45,798,269,491,895","$6,767,442","$1,196,326"
Beaumont,7,"$2,164,170","$440,000","$9,686,114,002,101","$3,112,252","$598,953"
Joliet,7,"$1,700,833","$1,300,000","$1,601,640,844,370","$1,265,559","$316,390"
Bonao,7,"$1,751,756","$887,500","$4,279,715,611,695","$2,068,747","$327,098"
Buffalo,7,"$1,066,321","$981,250","$432,828,138,736","$657,897","$175,830"
San Francisco,7,"$2,026,037","$550,000","$10,699,155,671,652","$3,270,956","$629,496"
Hollywood,7,"$3,319,973","$2,275,000","$15,256,645,598,672","$3,905,976","$650,996"
Santa Monica,7,"$1,568,647","$1,250,000","$1,642,525,785,945","$1,281,611","$261,608"
Panama,7,"$5,279,965","$2,375,000","$30,691,226,981,299","$5,539,966","$923,328"
West Covina,7,"$4,818,649","$1,500,000","$46,865,801,071,036","$6,845,860","$1,210,189"
San Antonio,6,"$1,314,521","$550,000","$1,985,786,415,092","$1,409,179","$261,678"
Virginia Beach,6,"$537,690","$492,500","$110,602,349,889","$332,569","$105,168"
St. Petersburg,6,"$1,146,733","$645,000","$983,352,704,058","$991,641","$202,418"
Rochester,6,"$3,154,037","$2,125,000","$11,219,605,323,815","$3,349,568","$633,009"
Philadelphia,6,"$2,234,600","$775,000","$10,903,379,000,000","$3,302,026","$660,405"
Mesa,6,"$1,565,141","$755,000","$3,313,452,813,009","$1,820,289","$388,087"
Portsmouth,6,"$1,480,076","$553,625","$2,395,505,857,622","$1,547,742","$337,745"
Tuscaloosa,6,"$963,242","$448,000","$791,581,683,015","$889,709","$209,706"
Bradenton,6,"$1,155,485","$466,000","$3,160,872,735,026","$1,777,884","$397,547"
Ponce,6,"$4,909,550","$5,362,500","$17,108,358,507,863","$4,136,225","$653,995"
Bristol,6,"$819,675","$518,500","$487,185,296,711","$697,987","$156,075"
Van Nuys,6,"$2,582,176","$1,500,000","$6,657,861,998,192","$2,580,283","$516,057"
Redwood City,6,"$1,582,069","$775,000","$5,100,263,818,278","$2,258,376","$387,308"
Salt Lake City,6,"$1,201,500","$333,500","$2,866,989,880,000","$1,693,219","$332,068"
Montgomery,6,"$1,295,935","$925,000","$1,367,897,648,397","$1,169,572","$217,184"
Santa Clara,6,"$3,205,907","$950,000","$23,436,056,204,392","$4,841,080","$914,878"
Bajos de Haina,6,"$456,520","$413,000","$43,804,881,778","$209,296","$66,185"
Fountain Valley,6,"$1,434,224","$498,900","$4,242,538,309,905","$2,059,742","$449,473"
Anchorage,6,"$4,063,886","$1,625,000","$22,752,936,473,122","$4,770,004","$901,446"
Augusta,6,"$2,107,045","$675,000","$6,767,757,569,264","$2,601,491","$554,640"
New Orleans,6,"$1,342,728","$372,700","$3,094,727,692,413","$1,759,184","$507,833"
Monte Cristi,6,"$1,708,577","$567,000","$4,202,811,087,885","$2,050,076","$447,363"
Oklahoma City,6,"$2,743,734","$1,200,000","$11,308,936,873,054","$3,362,876","$624,470"
Wichita,6,"$4,169,343","$3,280,000","$17,067,503,810,081","$4,131,284","$754,266"
Arlington,6,"$1,483,502","$702,500","$2,814,393,488,688","$1,677,615","$484,286"
Omaha,6,"$897,647","$515,000","$491,060,552,770","$700,757","$169,959"
Fresno,6,"$1,405,247","$484,000","$2,919,702,588,108","$1,708,714","$441,188"
Bellevue,6,"$4,188,243","$650,000","$47,068,095,430,688","$6,860,619","$1,296,535"
Belleville,6,"$916,642","$462,500","$651,233,593,077","$806,990","$180,449"
Nagua,6,"$2,462,735","$415,000","$14,721,147,284,926","$3,836,815","$930,564"
Bellflower,6,"$5,015,087","$6,000,000","$12,039,246,163,137","$3,469,762","$578,294"
Evansville,5,"$4,687,630","$2,750,000","$17,594,565,992,073","$4,194,588","$730,184"
Denver,5,"$6,028,807","$3,510,000","$45,507,523,095,967","$6,745,926","$1,252,687"
Charlotte,5,"$3,294,776","$3,000,000","$8,096,726,638,812","$2,845,475","$511,062"
Fairfield,5,"$383,029","$401,000","$4,007,872,381","$63,308","$23,928"
Westminster,5,"$4,099,410","$4,481,250","$11,050,282,537,665","$3,324,197","$678,549"
Manati,5,"$7,545,259","$6,500,000","$35,966,720,629,970","$5,997,226","$925,392"
Glendale,5,"$3,211,094","$1,350,000","$9,732,357,824,983","$3,119,673","$569,572"
Lancaster,5,"$2,682,133","$600,000","$15,773,364,516,667","$3,971,570","$1,025,455"
Hialeah,5,"$2,375,595","$517,000","$9,985,719,838,395","$3,160,019","$706,602"
Oak Lawn,5,"$1,004,029","$900,000","$581,263,717,143","$762,407","$166,371"
Norfolk,5,"$6,981,010","$6,979,166","$34,662,062,420,620","$5,887,450","$908,453"
Las Matas de Farfan,5,"$2,393,750","$1,300,000","$5,593,317,677,419","$2,365,020","$418,080"
Redlands,5,"$1,318,893","$497,250","$2,482,028,083,791","$1,575,445","$421,055"
El Paso,5,"$721,708","$450,000","$539,072,748,106","$734,216","$211,950"
Shreveport,5,"$7,592,038","$4,687,500","$65,295,717,704,684","$8,080,577","$1,616,115"
Nashville,5,"$2,707,567","$514,500","$16,784,510,173,810","$4,096,890","$1,057,813"
Des Moines,5,"$2,514,597","$2,000,000","$4,766,855,395,446","$2,183,313","$374,435"
Tijuana,5,"$2,536,889","$760,000","$7,139,782,457,516","$2,672,037","$629,805"
Bowling Green,5,"$3,604,417","$3,000,000","$12,675,453,025,030","$3,560,260","$776,912"
McComb,5,"$526,167","$425,000","$104,219,130,952","$322,830","$83,354"
Covina,5,"$4,142,392","$775,000","$37,578,688,543,943","$6,130,146","$1,251,311"
Mayaguez,5,"$3,350,184","$2,666,667","$7,134,852,294,996","$2,671,114","$534,223"
Newark,5,"$1,637,871","$1,000,000","$3,233,447,502,124","$1,798,179","$436,122"
Rapid City,5,"$2,201,457","$1,200,000","$4,332,521,179,842","$2,081,471","$434,017"
Mobile,5,"$5,384,626","$2,800,000","$28,957,699,779,755","$5,381,236","$922,874"
Oxnard,5,"$1,838,555","$1,000,000","$3,599,533,138,582","$1,897,244","$435,258"
Corpus Christi,5,"$2,340,760","$2,000,000","$4,810,941,076,276","$2,193,386","$400,456"
Puerto Plata,5,"$1,472,933","$520,000","$3,542,126,352,381","$1,882,054","$485,944"
La Guaira,5,"$2,880,568","$1,375,000","$11,302,240,530,844","$3,361,881","$716,755"
Bronx,5,"$1,497,609","$800,000","$3,018,720,861,989","$1,737,447","$481,881"
Boston,5,"$5,106,769","$725,000","$46,573,283,458,122","$6,824,462","$1,565,639"
Decatur,5,"$867,150","$401,500","$943,157,447,222","$971,163","$307,109"
Midland,5,"$3,182,662","$3,000,000","$6,223,090,215,735","$2,494,612","$544,369"
Visalia,5,"$2,804,611","$507,500","$13,755,910,898,693","$3,708,896","$874,195"
Cumana,5,"$1,547,160","$707,500","$2,143,113,740,421","$1,463,938","$327,346"
Raleigh,4,"$6,998,651","$5,187,500","$47,308,682,758,747","$6,878,131","$1,434,189"
Reno,4,"$1,092,077","$432,500","$2,017,749,715,682","$1,420,475","$428,289"
Statesboro,4,"$2,347,062","$1,204,750","$7,043,357,174,107","$2,653,932","$938,307"
Lakewood,4,"$1,238,200","$560,000","$2,082,039,350,000","$1,442,927","$372,562"
San Leandro,4,"$526,400","$513,000","$32,161,155,556","$179,335","$56,711"
Greenbrae,4,"$2,100,406","$900,000","$5,565,645,988,088","$2,359,162","$572,181"
Queens,4,"$641,618","$490,159","$107,712,313,597","$328,196","$94,742"
Worcester,4,"$661,748","$495,725","$170,474,795,881","$412,886","$114,514"
Garden Grove,4,"$1,680,879","$850,000","$4,887,393,308,532","$2,210,745","$442,149"
St. Paul,4,"$5,896,603","$1,100,000","$71,817,362,953,202","$8,474,513","$1,573,677"
Texarkana,4,"$1,348,577","$435,000","$2,327,320,618,590","$1,525,556","$423,113"
Jackson,4,"$1,817,425","$1,137,500","$2,909,807,224,861","$1,705,816","$381,432"
Durham,4,"$3,715,280","$2,950,000","$12,175,865,638,693","$3,489,393","$647,964"
Northridge,4,"$5,940,250","$4,207,500","$36,882,405,881,579","$6,073,089","$1,357,984"
Winter Haven,4,"$375,688","$367,500","$14,643,209,821","$121,009","$42,783"
Pomona,4,"$2,360,318","$409,000","$17,082,060,032,027","$4,133,045","$1,306,984"
Clearwater,4,"$601,833","$414,000","$240,247,875,000","$490,151","$163,384"
St. Charles,4,"$6,683,558","$6,000,000","$40,922,749,910,351","$6,397,089","$1,467,593"
Lakeland,4,"$1,864,650","$775,000","$3,329,914,548,182","$1,824,805","$526,776"
New Haven,4,"$2,037,909","$1,597,500","$2,862,760,277,056","$1,691,969","$360,729"
La Mesa,4,"$1,301,225","$625,000","$1,545,472,170,395","$1,243,170","$277,981"
Denton,4,"$1,913,656","$750,000","$5,209,879,690,625","$2,282,516","$570,629"
Providence,4,"$4,882,674","$3,200,000","$20,157,730,928,612","$4,489,736","$758,904"
New Britain,4,"$3,916,955","$1,500,000","$14,925,765,995,237","$3,863,388","$863,880"
La Grange,4,"$4,662,979","$4,500,000","$10,452,266,633,605","$3,232,997","$659,933"
Sydney,4,"$1,547,188","$762,500","$2,484,903,229,167","$1,576,358","$394,089"
Albuquerque,4,"$474,012","$486,250","$46,424,486,964","$215,463","$76,178"
Reading,4,"$961,804","$507,520","$965,891,095,271","$982,798","$310,788"
Cotui,4,"$1,281,520","$850,000","$1,415,803,814,326","$1,189,876","$288,587"
New London,4,"$1,050,031","$712,500","$707,880,822,734","$841,357","$179,378"
Alexandria,4,"$2,177,912","$750,000","$7,031,002,324,853","$2,651,604","$643,108"
Lake Charles,4,"$374,750","$395,750","$22,459,416,667","$149,865","$74,932"
Tacoma,4,"$3,814,420","$2,250,000","$22,198,791,451,667","$4,711,559","$942,312"
Southfield,4,"$518,111","$414,500","$82,961,173,611","$288,030","$96,010"
Puerto La Cruz,4,"$2,529,735","$1,350,000","$7,648,248,214,354","$2,765,547","$542,368"
Detroit,4,"$6,334,743","$6,833,334","$17,449,135,160,175","$4,177,216","$984,579"
Berkeley,4,"$1,368,636","$501,500","$2,420,361,104,545","$1,555,751","$469,077"
El Cajon,4,"$6,027,375","$8,000,000","$12,935,926,042,379","$3,596,655","$804,236"
Gainesville,4,"$1,704,263","$1,040,000","$5,432,512,079,730","$2,330,775","$646,441"
Cedar Rapids,4,"$1,070,786","$550,000","$1,782,695,104,396","$1,335,176","$356,841"
Mission Viejo,4,"$2,745,666","$1,132,600","$9,283,909,132,240","$3,046,951","$761,738"
Victoria,4,"$1,988,473","$884,100","$4,630,921,596,615","$2,151,958","$481,192"
Longview,4,"$2,274,680","$417,500","$16,361,875,589,800","$4,044,982","$1,121,876"
Vicksburg,4,"$3,582,500","$3,875,000","$8,175,769,400,067","$2,859,330","$560,761"
Barahona,4,"$2,998,505","$1,750,000","$11,502,367,806,082","$3,391,514","$778,067"
Samana,4,"$5,898,844","$737,750","$50,496,620,957,292","$7,106,097","$1,776,524"
Santa Cruz,4,"$1,120,923","$561,875","$1,686,637,787,861","$1,298,706","$360,196"
Marion,4,"$6,134,691","$6,916,667","$11,883,455,487,980","$3,447,239","$663,421"
Pensacola,4,"$2,591,183","$525,000","$10,683,876,666,970","$3,268,620","$943,569"
Athens,4,"$5,703,879","$4,975,000","$28,006,946,683,592","$5,292,159","$1,037,878"
Bakersfield,4,"$1,434,900","$770,000","$1,686,637,226,316","$1,298,706","$290,399"
Panorama City,4,"$1,780,818","$486,000","$6,136,590,313,636","$2,477,214","$746,908"
Scottsdale,4,"$664,467","$421,000","$421,564,032,500","$649,280","$216,427"
Valdosta,4,"$800,377","$524,588","$467,816,940,620","$683,971","$197,446"
West Palm Beach,4,"$2,514,664","$628,750","$7,834,756,964,099","$2,799,064","$808,020"
Savannah,4,"$3,119,159","$1,750,000","$9,522,378,648,247","$3,085,835","$657,902"
Toronto,4,"$4,263,323","$1,375,000","$30,809,090,429,330","$5,550,594","$1,241,150"
Milwaukee,4,"$2,534,891","$2,500,000","$3,086,480,635,375","$1,756,838","$366,326"
Milledgeville,4,"$7,754,420","$4,250,000","$42,197,961,426,116","$6,495,996","$1,623,999"
Little Rock,4,"$1,493,600","$509,000","$3,713,200,766,667","$1,926,967","$609,360"
San Bernardino,4,"$1,954,286","$1,425,000","$3,405,487,912,088","$1,845,396","$493,203"
Mountain View,4,"$1,568,657","$530,000","$3,005,767,361,024","$1,733,715","$447,643"
Villa Mella,4,"$1,488,867","$1,000,000","$1,792,423,516,667","$1,338,814","$345,680"
Sarasota,4,"$1,865,656","$494,750","$8,807,351,057,292","$2,967,718","$741,930"
Minneapolis,4,"$2,933,735","$950,000","$20,123,388,503,676","$4,485,910","$1,087,993"
Santa Ana,4,"$681,383","$480,000","$241,706,554,473","$491,637","$136,355"
Norwich,4,"$1,929,642","$1,350,000","$3,186,021,262,657","$1,784,943","$538,181"
Hammond,4,"$805,500","$489,000","$869,879,750,000","$932,673","$258,677"
Santa Maria,3,"$3,752,091","$3,250,000","$11,348,046,090,909","$3,368,686","$1,015,697"
Hato Mayor del Rey,3,"$2,151,611","$1,025,000","$5,352,344,957,516","$2,313,514","$545,300"
Danville,3,"$2,192,639","$2,000,000","$3,294,316,896,574","$1,815,025","$523,953"
Flemington,3,"$1,872,577","$441,000","$4,955,850,910,256","$2,226,174","$617,430"
Fort Smith,3,"$1,497,362","$1,372,500","$1,186,312,829,167","$1,089,180","$272,295"
Flushing,3,"$2,869,889","$2,700,000","$5,988,535,111,111","$2,447,148","$815,716"
San Angelo,3,"$8,023,000","$9,500,000","$26,767,830,909,091","$5,173,764","$1,493,537"
Santa Rosa,3,"$2,038,153","$530,000","$6,975,859,438,381","$2,641,185","$681,951"
Florence,3,"$3,198,000","$2,950,000","$6,090,887,666,667","$2,467,972","$566,192"
San Pedro,3,"$4,949,688","$6,050,000","$15,368,200,781,250","$3,920,230","$1,386,010"
Hackensack,3,"$3,655,303","$3,016,667","$8,724,795,302,727","$2,953,776","$890,597"
Huntington Beach,3,"$2,166,389","$486,200","$10,244,768,995,420","$3,200,745","$965,061"
Fort Wayne,3,"$445,350","$495,000","$10,549,067,500","$102,709","$59,299"
Greenville,3,"$2,712,715","$1,000,000","$8,704,972,194,744","$2,950,419","$818,299"
Guaymate,3,"$1,674,484","$499,938","$3,689,138,055,525","$1,920,713","$679,075"
Edina,3,"$1,303,203","$590,000","$1,782,922,539,315","$1,335,261","$385,457"
Irving,3,"$3,967,379","$1,940,000","$16,590,791,533,977","$4,073,180","$934,451"
Slidell,3,"$617,343","$505,000","$79,447,739,524","$281,865","$106,535"
Simi Valley,3,"$842,754","$518,750","$395,359,222,210","$628,776","$222,306"
Sanford,3,"$1,563,357","$925,000","$2,445,284,829,821","$1,563,741","$417,927"
Humacao,3,"$751,389","$432,500","$349,942,361,111","$591,559","$197,186"
Silver Spring,3,"$3,048,640","$400,000","$14,116,449,608,720","$3,757,186","$1,680,265"
Downey,3,"$2,448,017","$600,000","$11,035,764,150,722","$3,322,012","$921,360"
San Juan de la Maguana,3,"$438,000","$425,000","$36,366,333,333","$190,700","$72,078"
Jefferson City,3,"$1,635,115","$525,000","$2,937,041,423,077","$1,713,780","$475,317"
Jersey City,3,"$1,002,500","$450,000","$1,376,518,750,000","$1,173,251","$677,377"
Johnson City,3,"$1,968,836","$741,850","$7,982,446,439,396","$2,825,322","$755,099"
El Seibo,3,"$976,667","$775,000","$839,816,666,667","$916,415","$374,125"
Guacara,3,"$314,243","$240,000","$16,345,456,190","$127,849","$48,323"
El Tigre,3,"$1,094,939","$505,000","$1,498,939,613,400","$1,224,312","$369,144"
San Gabriel,3,"$1,780,000","$1,700,000","$1,443,300,000,000","$1,201,374","$454,077"
Honolulu,3,"$402,500","$322,000","$34,566,500,000","$185,921","$58,793"
Greenwood,3,"$2,117,471","$642,500","$5,531,056,506,813","$2,351,820","$628,550"
Hilo,3,"$388,000","$401,000","$20,776,000,000","$144,139","$72,069"
Framingham,3,"$546,250","$537,500","$34,000,568,182","$184,392","$53,230"
Salem,3,"$1,768,889","$1,100,000","$3,882,082,575,163","$1,970,300","$464,404"
Evanston,3,"$372,500","$335,000","$22,918,750,000","$151,389","$50,463"
Richmond,3,"$1,483,838","$528,000","$2,998,003,355,897","$1,731,474","$480,225"
Salinas,3,"$1,763,333","$787,500","$2,535,317,529,412","$1,592,268","$375,301"
Hermosillo,3,"$1,640,000","$1,500,000","$2,024,761,538,462","$1,422,941","$380,297"
Green Bay,3,"$3,243,318","$2,750,000","$5,556,416,113,636","$2,357,205","$710,724"
Paducah,3,"$541,667","$575,000","$43,666,666,667","$208,966","$85,310"
Villa Clara,3,"$3,977,174","$3,750,000","$4,778,347,332,016","$2,185,943","$455,801"
Tenares,3,"$1,071,569","$494,412","$1,110,123,883,764","$1,053,624","$304,155"
Union City,3,"$3,518,810","$3,810,333","$6,559,306,503,568","$2,561,114","$684,487"
Norwalk,3,"$6,684,182","$583,333","$54,527,705,129,022","$7,384,288","$2,226,447"
Oceanside,3,"$4,394,406","$3,850,000","$16,355,255,640,625","$4,044,163","$1,011,041"
Middletown,3,"$4,355,888","$2,633,333","$15,632,446,982,527","$3,953,789","$958,935"
Midwest City,3,"$5,348,306","$750,000","$62,178,671,565,588","$7,885,345","$1,912,477"
Bedford,3,"$559,614","$410,000","$80,866,874,762","$284,371","$107,482"
Lima,3,"$2,278,539","$1,808,834","$4,563,010,774,960","$2,136,120","$570,902"
Pinehurst,3,"$1,762,000","$530,000","$4,496,433,000,000","$2,120,479","$801,466"
Chattanooga,3,"$420,475","$366,850","$19,462,709,750","$139,509","$56,954"
Whittier,3,"$4,604,728","$4,075,000","$13,105,040,732,352","$3,620,088","$684,132"
Charleston,3,"$954,167","$700,000","$332,109,375,000","$576,289","$192,096"
Upland,3,"$1,124,393","$447,500","$3,148,180,353,022","$1,774,311","$474,205"
Lynchburg,3,"$2,717,375","$1,300,000","$6,790,224,783,333","$2,605,806","$651,451"
Tokyo,3,"$5,795,454","$6,333,333","$12,943,226,124,242","$3,597,670","$1,084,738"
Toledo,3,"$1,401,455","$1,500,000","$1,270,888,272,727","$1,127,337","$339,905"
Livonia,3,"$424,000","$365,500","$53,647,333,333","$231,619","$115,809"
London,3,"$1,865,852","$1,800,000","$1,579,870,633,506","$1,256,929","$418,976"
Cartagena,3,"$2,923,842","$1,000,000","$9,954,681,918,129","$3,155,104","$723,831"
Lubbock,3,"$446,500","$500,000","$18,823,750,000","$137,200","$61,358"
Carmichael,3,"$1,018,906","$500,000","$892,954,640,625","$944,963","$236,241"
Monroe,3,"$4,398,785","$4,100,000","$13,440,573,969,676","$3,666,139","$1,222,046"
West Hills,3,"$1,510,767","$516,000","$3,158,771,846,667","$1,777,293","$725,577"
Peoria,3,"$6,585,648","$5,437,500","$33,212,675,977,518","$5,763,044","$1,288,656"
Chula Vista,3,"$1,105,088","$615,100","$1,015,380,783,833","$1,007,661","$251,915"
Anaco,3,"$700,812","$675,000","$52,417,062,500","$228,948","$57,237"
Grand Rapids,3,"$880,825","$530,000","$376,413,707,857","$613,526","$216,914"
Butler,3,"$1,354,400","$507,500","$3,229,305,007,143","$1,797,027","$463,990"
Palm Beach,3,"$514,638","$503,650","$15,002,725,536","$122,486","$43,305"
Melbourne,3,"$3,098,400","$4,000,000","$2,358,901,257,143","$1,535,871","$396,560"
Marietta,3,"$3,214,813","$3,650,000","$4,910,447,482,131","$2,215,953","$668,135"
Nizao,3,"$7,110,470","$6,805,728","$33,008,857,655,619","$5,745,334","$1,354,188"
Alameda,3,"$645,889","$417,000","$112,505,861,111","$335,419","$111,806"
New Brunswick,3,"$1,640,750","$1,000,000","$2,127,595,840,909","$1,458,628","$421,070"
Park Ridge,3,"$1,530,988","$770,000","$3,013,174,049,167","$1,735,850","$433,962"
Stockton,3,"$2,153,308","$1,800,000","$4,246,483,897,436","$2,060,700","$571,535"
La Crosse,3,"$3,839,079","$3,000,000","$11,405,230,007,310","$3,377,163","$774,774"
Corvallis,3,"$1,931,333","$1,750,000","$2,795,980,550,588","$1,672,119","$394,122"
Suffern,3,"$558,438","$453,750","$118,665,959,821","$344,479","$121,792"
Conroe,3,"$1,195,627","$486,100","$1,584,091,102,182","$1,258,607","$379,484"
Burbank,3,"$2,546,364","$1,500,000","$2,993,145,454,545","$1,730,071","$521,636"
Barcelona,3,"$1,275,333","$655,550","$1,256,182,262,424","$1,120,795","$323,546"
Ciudad Obregon,3,"$611,300","$540,000","$137,811,344,444","$371,230","$117,393"
Columbia,3,"$1,155,667","$800,000","$944,615,333,333","$971,913","$280,567"
Metairie,3,"$675,439","$516,250","$160,918,422,670","$401,146","$120,950"
Tainan City,3,"$1,537,878","$489,500","$2,613,161,897,042","$1,616,528","$417,386"
Waco,3,"$6,216,320","$3,700,000","$27,332,715,643,333","$5,228,070","$1,045,614"
Tallahassee,3,"$7,673,794","$7,750,000","$25,397,648,631,144","$5,039,608","$1,187,847"
Ciudad Bolivar,3,"$5,871,173","$4,450,000","$30,768,193,929,238","$5,546,909","$1,432,206"
Osaka,2,"$8,893,517","$9,000,000","$26,869,526,829,668","$5,183,582","$1,437,667"
Ontario,2,"$6,756,250","$2,500,000","$79,554,384,517,857","$8,919,326","$1,901,607"
San Dimas,2,"$523,333","$487,000","$45,955,066,667","$214,371","$87,517"
Hamilton,2,"$380,000","$360,000","$28,016,666,667","$167,382","$83,691"
Hanford,2,"$2,825,000","$2,725,000","$2,067,500,000,000","$1,437,880","$718,940"
Mississauga,2,"$447,625","$451,000","$4,367,895,833","$66,090","$33,045"
Merced,2,"$3,934,281","$3,750,000","$13,070,580,765,625","$3,615,326","$903,831"
Mission Hills,2,"$4,897,481","$5,600,000","$17,090,858,742,035","$4,134,109","$1,067,422"
Meridian,2,"$1,371,000","$875,000","$1,550,993,333,333","$1,245,389","$393,827"
Harbor City,2,"$3,978,638","$2,500,000","$16,788,461,865,897","$4,097,373","$1,136,407"
Miami Beach,2,"$3,105,300","$522,500","$12,640,698,575,000","$3,555,376","$1,590,012"
Kingston,2,"$4,342,878","$4,000,000","$13,045,471,096,944","$3,611,851","$1,203,950"
Modesto,2,"$1,813,789","$1,350,000","$2,160,875,031,111","$1,469,992","$489,997"
North Vancouver,2,"$405,750","$414,000","$6,524,250,000","$80,773","$40,386"
New Westminster,2,"$7,499,038","$6,750,000","$38,772,649,519,231","$6,226,769","$1,726,995"
Greenfield,2,"$339,000","$275,000","$20,759,000,000","$144,080","$58,820"
San Luis Rio Colorado,2,"$827,450","$435,650","$743,705,275,833","$862,383","$325,950"
Nigua,2,"$4,552,389","$5,333,333","$13,936,704,655,296","$3,733,190","$2,155,358"
New Albany,2,"$413,333","$410,000","$108,333,333","$10,408","$6,009"
Nederland,2,"$3,849,875","$2,152,500","$18,935,116,410,714","$4,351,450","$1,538,470"
Natchez,2,"$375,767","$392,500","$2,456,763,333","$49,566","$28,617"
Naples,2,"$1,609,545","$495,000","$3,887,317,622,727","$1,971,628","$594,468"
Naperville,2,"$380,100","$319,500","$13,969,080,000","$118,191","$68,238"
Guarenas,2,"$2,325,250","$2,025,000","$3,153,702,069,444","$1,775,867","$561,578"
San Jose de Ocoa,2,"$607,417","$408,500","$160,976,641,667","$401,219","$163,797"
Northfield,2,"$515,000","$515,000","$50,000,000","$7,071","$5,000"
Monroeville,2,"$337,500","$337,500","$312,500,000","$17,678","$12,500"
Nacogdoches,2,"$1,176,278","$530,000","$1,460,798,069,444","$1,208,635","$402,878"
Murfreesboro,2,"$5,472,430","$1,959,671","$45,841,424,227,226","$6,770,630","$2,141,061"
Oak Park,2,"$372,000","$372,000","$3,528,000,000","$59,397","$42,000"
Ocumare del Tuy,2,"$455,000","$455,000","$6,050,000,000","$77,782","$55,000"
Morgantown,2,"$965,680","$532,500","$451,777,687,000","$672,144","$300,592"
Montreal,2,"$4,105,800","$2,775,000","$17,483,684,844,444","$4,181,350","$1,322,259"
Guayubin,2,"$429,367","$485,700","$12,141,523,333","$110,189","$63,617"
Monterrey,2,"$3,519,425","$625,000","$19,953,095,040,227","$4,466,889","$1,289,480"
Olympia,2,"$3,942,208","$4,093,750","$11,166,235,025,477","$3,341,592","$964,634"
Montclair,2,"$1,016,850","$529,250","$1,937,239,502,778","$1,391,848","$440,141"
San Felipe,2,"$2,628,310","$1,325,000","$7,351,613,033,238","$2,711,386","$724,648"
San Francisco de Macoris,2,"$1,382,667","$1,500,000","$578,300,666,667","$760,461","$310,457"
Malden,2,"$865,800","$300,000","$1,740,526,200,000","$1,319,290","$590,004"
Harrisonburg,2,"$483,500","$402,000","$65,838,300,000","$256,590","$104,752"
Palenque,2,"$3,210,857","$3,200,000","$7,326,744,949,263","$2,706,796","$637,998"
Lihue,2,"$607,467","$462,650","$148,221,166,667","$384,995","$157,174"
Iowa City,2,"$477,667","$510,000","$4,206,333,333","$64,856","$37,445"
Lewisburg,2,"$511,875","$311,250","$245,551,767,857","$495,532","$175,197"
Rexburg,2,"$1,779,389","$1,625,000","$2,119,705,861,111","$1,455,921","$485,307"
Ithaca,2,"$813,138","$340,450","$557,733,859,821","$746,816","$264,039"
Pittsfield,2,"$2,075,002","$2,500,007","$1,696,749,860,033","$1,302,594","$531,782"
Plantation,2,"$399,500","$415,500","$8,564,250,000","$92,543","$53,430"
Laurinburg,2,"$320,667","$316,000","$416,333,333","$20,404","$11,780"
Jamaica,2,"$1,533,333","$1,600,000","$43,333,333,333","$208,167","$120,185"
Jamestown,2,"$5,452,186","$4,050,000","$19,508,294,548,286","$4,416,820","$963,829"
Renton,2,"$1,831,564","$1,425,000","$2,808,580,884,545","$1,675,882","$505,297"
Port Arthur,2,"$686,062","$487,500","$299,583,316,964","$547,342","$193,515"
Lake City,2,"$347,900","$347,900","$43,748,820,000","$209,162","$147,900"
La Vega,2,"$452,150","$452,150","$5,335,445,000","$73,044","$51,650"
La Mirada,2,"$298,900","$302,500","$4,018,550,000","$63,392","$28,350"
Kailua,2,"$3,943,489","$2,425,000","$17,728,468,954,936","$4,210,519","$1,269,519"
Kalamazoo,2,"$889,800","$414,000","$1,140,900,200,000","$1,068,129","$477,682"
Kyoto,2,"$1,720,227","$1,500,000","$1,722,138,068,182","$1,312,303","$395,674"
Kwangju,2,"$1,921,591","$1,200,000","$3,611,534,090,909","$1,900,404","$572,993"
Kelowna,2,"$1,826,417","$1,283,834","$3,256,614,644,433","$1,804,609","$736,729"
Punto Fijo,2,"$497,817","$500,000","$226,816,766","$15,060","$5,692"
Kobe,2,"$1,526,875","$1,500,000","$1,144,735,267,857","$1,069,923","$378,275"
Kettering,2,"$499,375","$502,500","$146,729,167","$12,113","$6,057"
Kirkland,2,"$752,571","$435,800","$450,765,992,381","$671,391","$253,762"
Key West,2,"$4,719,345","$3,000,000","$24,833,332,704,783","$4,983,305","$1,208,629"
Lincoln,2,"$2,931,091","$1,400,000","$14,619,236,093,120","$3,823,511","$927,338"
Pine Bluff,2,"$10,099,059","$10,750,000","$45,859,371,933,824","$6,771,955","$1,642,440"
Huntington,2,"$5,285,200","$6,750,000","$9,531,757,700,000","$3,087,354","$1,380,707"
Safford,2,"$650,182","$486,100","$121,507,535,636","$348,579","$105,101"
Marlton,2,"$390,333","$321,000","$19,230,333,333","$138,673","$80,063"
Hato Rey,2,"$837,550","$740,150","$264,907,615,000","$514,692","$210,122"
Mao,2,"$1,073,056","$900,000","$536,909,027,778","$732,741","$244,247"
Manhattan,2,"$378,400","$300,000","$61,932,800,000","$248,863","$111,295"
Hayward,2,"$1,302,083","$855,000","$1,482,266,041,667","$1,217,483","$497,036"
Manhasset,2,"$3,591,286","$3,000,000","$10,771,120,065,934","$3,281,938","$877,135"
Salina,2,"$2,978,000","$3,790,000","$2,406,720,000,000","$1,551,361","$693,790"
Kinston,2,"$507,100","$507,100","$474,320,000","$21,779","$15,400"
Madison,2,"$1,145,833","$625,000","$2,725,640,625,000","$1,650,951","$550,317"
Lynwood,2,"$734,556","$700,000","$167,457,715,278","$409,216","$136,405"
Lynn,2,"$1,538,000","$450,000","$3,627,623,250,000","$1,904,632","$634,877"
Sabana Grande de Palenque,2,"$485,000","$485,000","$50,000,000","$7,071","$5,000"
Pinar del Rio,2,"$4,489,537","$4,062,500","$7,350,666,572,705","$2,711,211","$639,039"
Higuey,2,"$422,250","$394,500","$5,030,250,000","$70,924","$35,462"
Hinsdale,2,"$1,111,500","$682,500","$833,829,500,000","$913,143","$372,789"
Roseville,2,"$533,214","$450,000","$29,909,821,429","$172,945","$65,367"
Holguin,2,"$4,526,219","$4,835,772","$5,745,011,957,462","$2,396,875","$978,520"
Roseburg,2,"$3,778,636","$3,000,000","$12,373,690,454,545","$3,517,626","$1,060,604"
Homestead,2,"$1,661,000","$1,350,000","$1,834,961,214,286","$1,354,607","$478,926"
Perth,2,"$494,600","$490,000","$290,640,000","$17,048","$8,524"
Rockford,2,"$349,500","$290,000","$19,360,750,000","$139,143","$80,334"
Los Mochis,2,"$834,500","$900,000","$140,585,305,556","$374,947","$86,019"
Long Branch,2,"$1,657,857","$1,262,500","$1,706,556,593,407","$1,306,352","$349,137"
Pikeville,2,"$2,578,150","$1,416,666","$7,648,411,038,663","$2,765,576","$874,552"
Las Matas de Santa Cruz,2,"$4,901,119","$3,650,000","$26,132,218,482,211","$5,111,968","$1,703,989"
Lomita,2,"$4,360,376","$2,700,000","$20,557,300,538,186","$4,534,016","$945,408"
San Mateo,2,"$3,504,562","$3,504,562","$17,945,291,632,812","$4,236,188","$2,995,437"
Thousand Oaks,2,"$493,333","$505,000","$6,908,333,333","$83,116","$47,987"
Syracuse,2,"$392,417","$337,750","$38,975,241,667","$197,421","$80,597"
Clifton,2,"$1,506,250","$555,000","$2,775,727,840,909","$1,666,052","$480,948"
Takoma Park,2,"$617,812","$675,000","$93,695,424,107","$306,097","$108,222"
Tarzana,2,"$6,081,692","$7,250,000","$23,781,594,730,769","$4,876,638","$1,352,536"
Cienfuegos,2,"$5,518,800","$6,214,000","$7,055,345,200,000","$2,656,190","$1,187,884"
Goose Creek,2,"$2,537,986","$514,000","$9,683,069,472,045","$3,111,763","$938,232"
Thomasville,2,"$468,000","$504,200","$5,868,840,000","$76,608","$44,230"
Chicago Heights,2,"$2,075,464","$342,322","$5,993,661,743,337","$2,448,196","$1,094,866"
Sikeston,2,"$411,167","$403,000","$615,766,667","$24,815","$10,131"
Chiba,2,"$2,034,375","$2,162,500","$1,307,845,982,143","$1,143,611","$404,328"
Cheyenne,2,"$503,300","$503,300","$79,380,000","$8,910","$6,300"
Champaign,2,"$790,625","$485,000","$487,245,982,143","$698,030","$246,791"
Tomball,2,"$589,500","$462,500","$123,306,857,143","$351,151","$124,151"
Centralia,2,"$2,953,917","$1,425,000","$9,475,075,719,697","$3,078,161","$888,589"
Cayey,2,"$407,262","$407,262","$20,915,237,812","$144,621","$102,262"
Castro Valley,2,"$1,442,350","$648,300","$2,164,145,735,000","$1,471,104","$600,576"
Colon,2,"$483,500","$392,500","$68,330,000,000","$261,400","$116,902"
Concord,2,"$7,909,254","$9,463,237","$14,012,335,649,393","$3,743,305","$1,128,649"
Corona,2,"$5,273,818","$3,800,000","$25,195,491,363,636","$5,019,511","$1,513,440"
Covington,2,"$356,050","$359,000","$17,249,076,667","$131,336","$65,668"
Smithtown,2,"$3,879,444","$3,000,000","$7,482,032,026,144","$2,735,330","$644,724"
Smyrna,2,"$356,188","$356,188","$48,789,070,312","$220,882","$156,188"
East St. Louis,2,"$1,893,750","$2,000,000","$1,896,822,916,667","$1,377,252","$688,626"
East Chicago,2,"$2,935,020","$2,062,500","$8,139,194,022,096","$2,852,927","$823,569"
Sonora,2,"$1,548,573","$1,100,000","$1,508,686,948,182","$1,228,286","$370,342"
Dunedin,2,"$1,083,500","$593,750","$1,186,528,555,556","$1,089,279","$344,460"
Dublin,2,"$863,125","$725,000","$177,735,267,857","$421,587","$149,053"
South Boston,2,"$1,491,211","$1,700,000","$708,742,763,611","$841,869","$280,623"
Donelson,2,"$407,425","$418,750","$6,562,189,167","$81,007","$40,504"
Spartanburg,2,"$513,400","$513,400","$30,420,000","$5,515","$3,900"
Spring,2,"$7,172,301","$4,325,000","$43,531,540,437,668","$6,597,844","$1,600,212"
Dearborn,2,"$6,982,119","$5,750,000","$33,238,502,548,292","$5,765,284","$1,441,321"
David,2,"$3,203,000","$2,325,000","$10,275,673,333,333","$3,205,569","$1,013,690"
Staten Island,2,"$416,825","$440,625","$22,698,806,250","$150,661","$47,643"
Sterling,2,"$1,311,875","$1,004,375","$1,570,267,343,750","$1,253,103","$511,577"
Trenton,2,"$3,569,545","$4,000,000","$5,944,572,272,727","$2,438,149","$735,130"
Canton,2,"$269,333","$203,000","$13,806,333,333","$117,500","$67,839"
Tullahoma,2,"$666,750","$521,500","$93,092,750,000","$305,111","$152,556"
Wheat Ridge,2,"$1,316,000","$510,500","$3,310,600,000,000","$1,819,505","$643,292"
Asheville,2,"$1,987,577","$650,000","$5,471,419,757,229","$2,339,107","$739,690"
Arlington Heights,2,"$2,190,476","$1,641,666","$2,107,124,640,293","$1,451,594","$387,955"
Wichita Falls,2,"$497,000","$497,000","$480,500,000","$21,920","$15,500"
Arecibo,2,"$6,658,214","$7,500,000","$25,424,138,988,095","$5,042,236","$1,905,786"
Willingboro,2,"$4,141,250","$4,000,000","$9,028,126,736,111","$3,004,684","$950,165"
Annapolis,2,"$9,791,130","$6,400,000","$81,578,083,936,759","$9,032,059","$1,883,314"
Winston-Salem,2,"$2,768,750","$2,650,000","$1,310,669,642,857","$1,144,845","$404,764"
Woodland,2,"$5,109,773","$3,750,000","$24,915,084,468,182","$4,991,501","$1,504,994"
Albany,2,"$338,333","$270,000","$17,308,333,333","$131,561","$75,957"
Yaguate,2,"$880,619","$504,238","$663,041,431,406","$814,274","$407,137"
Yakima,2,"$659,286","$345,000","$312,628,571,429","$559,132","$211,332"
Aguadulce,2,"$9,354,036","$8,250,000","$54,718,414,556,319","$7,397,190","$1,976,982"
Yonkers,2,"$428,750","$428,750","$17,578,125,000","$132,583","$93,750"
Ada,2,"$1,451,714","$440,000","$3,010,760,571,429","$1,735,154","$655,827"
Zanesville,2,"$2,028,864","$1,500,000","$3,476,506,704,545","$1,864,539","$562,180"
Wheeling,2,"$450,452","$400,000","$14,514,131,520","$120,475","$53,878"
Azua,2,"$2,306,822","$2,612,500","$3,499,252,168,100","$1,870,629","$467,657"
Tupelo,2,"$2,840,150","$1,714,500","$9,302,397,891,667","$3,049,983","$964,489"
West Chester,2,"$508,167","$507,500","$53,623,333","$7,323","$4,228"
Camden,2,"$402,625","$447,750","$20,011,895,833","$141,463","$70,732"
Cambridge,2,"$1,566,000","$1,000,000","$1,536,280,000,000","$1,239,468","$554,307"
Bryan,2,"$3,997,851","$625,000","$46,814,718,479,769","$6,842,128","$3,421,064"
Bridgeport,2,"$4,570,000","$6,000,000","$8,179,600,000,000","$2,860,000","$1,430,000"
Villa Altagracia,2,"$315,375","$309,000","$4,190,229,167","$64,732","$32,366"
Breese,2,"$884,860","$522,000","$276,262,373,200","$525,607","$198,661"
Brawley,2,"$1,970,267","$1,287,500","$3,914,504,662,424","$1,978,511","$571,147"
Brandon,2,"$479,775","$500,450","$2,935,482,500","$54,180","$27,090"
Villa Vasquez,2,"$1,402,077","$800,000","$1,331,922,743,590","$1,154,090","$320,087"
Villa de Cura,2,"$504,700","$507,500","$374,825,000","$19,360","$8,658"
Wailuku,2,"$4,767,500","$3,437,500","$21,130,802,777,778","$4,596,825","$1,054,584"
Waterbury,2,"$471,667","$450,000","$71,908,333,333","$268,157","$154,821"
Barranquilla,2,"$5,606,859","$6,500,000","$12,831,132,364,883","$3,582,057","$924,883"
Barberton,2,"$511,060","$416,900","$50,548,473,000","$224,830","$100,547"
West,2,"$1,136,700","$725,000","$929,347,977,143","$964,027","$340,835"
Sioux City,2,"$727,600","$505,500","$329,629,925,000","$574,134","$256,761"
Newport News,2,"$505,450","$505,450","$59,405,000","$7,707","$5,450"
Elizabeth,2,"$451,400","$451,400","$4,723,920,000","$68,731","$48,600"
Galveston,2,"$1,046,833","$545,000","$1,167,750,875,000","$1,080,625","$360,208"
Fredericksburg,2,"$1,014,500","$420,500","$1,469,260,571,429","$1,212,131","$428,553"
Esperanza,2,"$1,149,500","$1,080,000","$586,947,666,667","$766,125","$383,063"
Fort Riley,2,"$8,274,308","$8,000,000","$15,404,997,897,436","$3,924,920","$1,088,577"
Fairfax,2,"$1,868,469","$650,000","$4,678,504,582,292","$2,162,985","$540,746"
Fort Pierce,2,"$2,617,656","$1,375,000","$7,495,151,223,958","$2,737,727","$684,432"
Sendai,2,"$3,293,667","$2,600,000","$4,735,030,842,444","$2,176,013","$688,116"
Freehold,2,"$509,550","$508,500","$104,643,333","$10,230","$5,115"
Escondido,2,"$457,000","$480,000","$2,467,000,000","$49,669","$28,676"
Seoul,2,"$321,500","$307,500","$736,250,000","$27,134","$12,135"
Englewood,2,"$1,208,000","$900,000","$669,886,050,000","$818,466","$246,777"
Evergreen Park,2,"$1,280,227","$800,000","$1,376,506,268,182","$1,173,246","$353,747"
Sandpoint,2,"$474,800","$491,050","$2,638,220,000","$51,364","$25,682"
Everett,2,"$460,300","$465,000","$2,725,860,000","$52,210","$26,105"
Sebring,2,"$2,948,667","$2,800,000","$3,298,413,482,333","$1,816,153","$468,929"
Gastonia,2,"$4,486,861","$2,400,000","$19,656,967,604,412","$4,433,618","$924,473"
Fort Collins,2,"$1,287,357","$625,000","$1,805,691,392,857","$1,343,760","$507,894"
Frankfurt,2,"$1,018,722","$900,000","$612,360,319,444","$782,535","$260,845"
Elmhurst,2,"$1,875,850","$1,887,500","$1,861,323,288,571","$1,364,303","$482,354"
Fayetteville,2,"$3,052,340","$2,663,360","$8,504,071,254,977","$2,916,174","$1,031,023"
Fort Rucker,2,"$4,983,333","$5,700,000","$7,073,666,666,667","$2,659,637","$1,085,792"
Goleta,2,"$904,469","$496,438","$1,047,140,483,073","$1,023,299","$511,649"
San Nicolas de los Garza,2,"$562,286","$411,000","$106,116,988,095","$325,756","$123,124"
Flint,2,"$2,700,000","$1,675,000","$7,362,171,428,571","$2,713,332","$959,308"
Fort Walton Beach,2,"$1,445,000","$1,100,000","$888,875,000,000","$942,802","$421,634"
Glendora,2,"$329,917","$308,250","$16,866,741,667","$129,872","$53,020"
Glen Cove,2,"$6,977,909","$7,100,000","$37,368,871,090,909","$6,113,008","$1,843,141"
Gary,2,"$2,704,750","$2,875,000","$1,210,009,144,737","$1,100,004","$245,968"
Shelby,2,"$903,938","$853,751","$327,549,255,322","$572,319","$202,345"
Farmington,2,"$1,069,050","$496,250","$1,200,670,969,444","$1,095,751","$346,507"
Oranjestad,1,"$530,000","$530,000","$338,000,000","$18,385","$13,000"
Walnut Creek,1,"$13,491,252","$14,175,000","$7,961,716,042,225","$2,821,651","$892,284"
Orangeburg,1,"$1,700,000","$1,700,000",$0,$0,$0
Pacifica,1,"$403,000","$403,000",$nan,$nan,$nan
Walla Walla,1,"$1,993,125","$1,197,500","$3,842,392,410,714","$1,960,202","$693,036"
Ozone Park,1,"$700,000","$700,000",$nan,$nan,$nan
Santiago Rodriguez,1,"$5,379,100","$3,800,000","$28,988,338,544,444","$5,384,082","$1,702,596"
Vincennes,1,"$2,373,200","$1,812,500","$3,788,647,955,556","$1,946,445","$615,520"
Santa Teresa del Tuy,1,"$6,025,000","$6,200,000","$2,291,458,333,333","$1,513,756","$572,146"
Oxford,1,"$396,390","$396,390",$nan,$nan,$nan
Oregon,1,"$210,000","$210,000",$nan,$nan,$nan
Santiago de Cuba,1,"$2,291,667","$2,200,000","$176,458,333,333","$420,069","$242,527"
Owensboro,1,"$2,170,857","$3,000,000","$3,288,156,809,524","$1,813,328","$685,373"
Voorhees,1,"$1,860,000","$465,000","$3,821,862,500,000","$1,954,958","$874,284"
Oregon City,1,"$395,000","$395,000",$nan,$nan,$nan
Otsuki,1,"$3,000,000","$3,000,000",$0,$0,$0
Villa Rivas,1,"$380,000","$380,000",$nan,$nan,$nan
Walker,1,"$490,500","$490,500",$nan,$nan,$nan
Villa Tapia,1,"$396,033","$391,600","$244,263,333","$15,629","$9,023"
Vineland,1,"$2,531,000","$1,000,000","$9,522,553,000,000","$3,085,863","$1,781,624"
Palo Alto,1,"$510,000","$510,000",$nan,$nan,$nan
Paintsville,1,"$4,500,000","$4,500,000",$nan,$nan,$nan
Victorville,1,"$935,500","$595,000","$685,437,666,667","$827,912","$413,956"
Penjamillo,1,"$5,471,000","$4,625,000","$27,565,340,571,429","$5,250,271","$1,856,251"
San Benito,1,"$200,000","$200,000",$nan,$nan,$nan
Pembroke Pines,1,"$518,900","$518,900","$131,220,000","$11,455","$8,100"
Pella,1,"$200,000","$200,000",$nan,$nan,$nan
Pelham,1,"$260,000","$260,000",$nan,$nan,$nan
Tyler,1,"$742,700","$501,800","$200,593,220,000","$447,876","$200,296"
Uniontown,1,"$2,055,000","$2,750,000","$1,687,625,000,000","$1,299,086","$580,969"
Urama,1,"$626,667","$520,000","$37,433,333,333","$193,477","$111,704"
Paterson,1,"$1,445,200","$1,500,000","$1,069,615,200,000","$1,034,222","$462,518"
Passaic,1,"$2,417,708","$775,000","$5,893,644,839,015","$2,427,683","$700,812"
Paso Robles,1,"$394,190","$394,190",$nan,$nan,$nan
Uvalde,1,"$390,000","$390,000",$nan,$nan,$nan
Pascagoula,1,"$1,004,800","$504,900","$737,280,335,000","$858,650","$384,000"
Uwajima,1,"$3,075,000","$2,825,000","$1,754,166,666,667","$1,324,450","$662,225"
Valera,1,"$510,000","$510,000",$nan,$nan,$nan
Valle de la Pascua,1,"$484,000","$415,000","$37,517,500,000","$193,694","$86,623"
Vallejo,1,"$13,831,633","$13,142,857","$91,904,533,206,549","$9,586,685","$2,562,149"
Paramount,1,"$515,000","$515,000",$nan,$nan,$nan
Sao Paulo,1,"$775,000","$775,000","$101,250,000,000","$318,198","$225,000"
Vega Baja,1,"$898,182","$800,000","$595,216,563,636","$771,503","$232,617"
Venice,1,"$474,500","$411,500","$21,910,166,667","$148,021","$74,010"
Panama City,1,"$440,000","$425,000","$2,425,000,000","$49,244","$28,431"
Ventura,1,"$1,864,500","$1,365,000","$3,386,538,750,000","$1,840,255","$822,987"
Veracruz,1,"$454,534","$447,568","$4,518,500,056","$67,220","$33,610"
Palos Hills,1,"$504,833","$505,500","$210,583,333","$14,511","$8,378"
Warner Robins,1,"$820,625","$900,000","$247,083,410,714","$497,075","$175,743"
Palm Springs,1,"$289,167","$270,000","$4,027,083,333","$63,459","$36,638"
Palm Beach Gardens,1,"$980,000","$432,500","$1,247,283,333,333","$1,116,818","$558,409"
San Carlos,1,"$499,750","$496,000","$26,837,583,333","$163,822","$81,911"
Walsh,1,"$382,000","$382,000",$nan,$nan,$nan
San Felix,1,"$2,625,000","$2,625,000","$1,531,250,000,000","$1,237,437","$875,000"
Warrenton,1,"$225,000","$225,000",$nan,$nan,$nan
Washington Court House,1,"$5,883,333","$5,883,333","$500,000,000,000","$707,107","$500,000"
Woodbury,1,"$407,500","$407,500","$112,500,000","$10,607","$7,500"
Northbrook,1,"$1,831,208","$1,338,033","$3,044,721,641,352","$1,744,913","$872,457"
Sanchez,1,"$348,833","$335,500","$1,693,583,333","$41,153","$23,760"
Woodland Hills,1,"$502,250","$502,250",$nan,$nan,$nan
Woodstock,1,"$200,000","$200,000",$nan,$nan,$nan
North Star,1,"$1,077,400","$875,000","$577,906,300,000","$760,201","$339,972"
Woodsville,1,"$420,000","$420,000",$nan,$nan,$nan
Woonsocket,1,"$927,000","$500,000","$698,043,000,000","$835,490","$315,785"
North Olmsted,1,"$420,800","$420,800",$nan,$nan,$nan
North Miami,1,"$338,900","$316,000","$4,000,550,000","$63,250","$28,286"
North Little Rock,1,"$9,004,469","$10,850,000","$49,372,956,848,958","$7,026,589","$1,756,647"
North Hollywood,1,"$1,561,666","$1,561,666","$286,272,474,444","$535,044","$378,333"
Wright Patterson AFB,1,"$3,405,357","$3,925,000","$3,672,440,476,190","$1,916,361","$724,316"
North Conway,1,"$513,833","$513,000","$281,083,333","$16,766","$9,680"
North Adams,1,"$384,000","$384,000",$nan,$nan,$nan
Norristown,1,"$11,709,822","$12,821,429","$25,366,050,325,437","$5,036,472","$1,780,662"
Wyandotte,1,"$509,000","$509,000","$144,500,000","$12,021","$8,500"
Wymore,1,"$525,500","$525,500","$200,000,000","$14,142","$10,000"
Noord,1,"$2,862,500","$2,375,000","$6,764,821,428,571","$2,600,927","$919,567"
Nogales,1,"$2,700,000","$2,700,000","$720,000,000,000","$848,528","$600,000"
San Juan de los Morros,1,"$940,375","$637,000","$410,709,767,857","$640,866","$226,580"
San Rafael del Yuma,1,"$395,000","$395,000",$nan,$nan,$nan
Yoakum,1,"$389,375","$402,500","$4,193,229,167","$64,755","$32,378"
Yokohama,1,"$1,388,000","$1,275,000","$294,907,500,000","$543,054","$242,861"
San Luis Potosi,1,"$3,166,667","$3,375,000","$1,161,458,333,333","$1,077,710","$622,216"
Yucaipa,1,"$372,000","$360,500","$4,164,666,667","$64,534","$32,267"
Nichi Kasugai-gun,1,"$10,808,766","$12,500,000","$35,935,116,205,526","$5,994,591","$1,547,797"
Neyagawa,1,"$5,035,714","$5,000,000","$3,592,261,904,762","$1,895,326","$716,366"
Newton,1,"$2,088,111","$1,034,000","$3,361,156,548,611","$1,833,346","$611,115"
Wolf Point,1,"$417,000","$417,000",$nan,$nan,$nan
Winfield,1,"$496,750","$496,750","$325,125,000","$18,031","$12,750"
Windermere,1,"$1,166,667","$515,000","$1,333,558,333,333","$1,154,798","$666,723"
Olney,1,"$939,167","$1,000,000","$176,039,583,333","$419,571","$242,239"
Orange Park,1,"$4,557,000","$5,083,000","$14,230,415,142,857","$3,772,322","$1,333,717"
Orange County,1,"$5,817,292","$6,000,000","$18,225,656,202,652","$4,269,152","$1,232,398"
Waukegan,1,"$631,562","$725,000","$57,880,245,536","$240,583","$85,059"
Waverly,1,"$260,000","$260,000",$0,$0,$0
Weatherford,1,"$2,410,500","$1,800,000","$3,919,158,055,556","$1,979,686","$626,032"
Santa Lucia,1,"$417,000","$417,000",$nan,$nan,$nan
Turners Falls,1,"$2,850,000","$2,850,000","$3,645,000,000,000","$1,909,188","$1,350,000"
Wellington,1,"$285,333","$303,000","$3,656,333,333","$60,468","$34,911"
Santa Fe,1,"$520,000","$520,000",$nan,$nan,$nan
Oneonta,1,"$218,325","$218,325","$272,611,250","$16,511","$11,675"
Westerville,1,"$515,500","$515,500","$500,000",$707,$500
Westlake Village,1,"$3,422,250","$4,000,000","$6,850,409,840,909","$2,617,329","$755,558"
Westwood,1,"$513,000","$513,000",$nan,$nan,$nan
Wheaton,1,"$510,000","$510,000",$nan,$nan,$nan
Winchester,1,"$548,333","$685,000","$62,408,333,333","$249,817","$144,232"
San Isidro,1,"$1,044,333","$530,000","$836,006,333,333","$914,334","$527,891"
San Joaquin,1,"$203,000","$203,000",$nan,$nan,$nan
Okinawa,1,"$311,250","$311,250","$253,125,000","$15,910","$11,250"
Sanremo,1,"$481,300","$481,300",$nan,$nan,$nan
Odessa,1,"$406,250","$406,250","$78,125,000","$8,839","$6,250"
Wilkes-Barre,1,"$523,333","$377,500","$95,052,083,333","$308,305","$178,000"
Oconomowoc,1,"$200,000","$200,000",$nan,$nan,$nan
Oaxaca,1,"$4,257,143","$3,200,000","$3,735,357,142,857","$1,932,707","$730,495"
Oaklawn,1,"$832,500","$832,500","$644,112,500,000","$802,566","$567,500"
Williamsport,1,"$12,880,832","$11,071,029","$17,616,223,094,929","$4,197,168","$1,399,056"
Wilrijk,1,"$245,000","$245,000",$nan,$nan,$nan
Sandusky,1,"$448,750","$448,750","$2,278,125,000","$47,730","$33,750"
Wilson,1,"$365,833","$380,000","$1,127,083,333","$33,572","$19,383"
Tuxedo,1,"$3,000,000","$3,000,000",$nan,$nan,$nan
Perkins,1,"$500,625","$500,625",$nan,$nan,$nan
Sasebo,1,"$6,354,166","$6,158,333","$916,180,263,889","$957,173","$478,587"
St. John,1,"$1,404,167","$1,100,000","$765,549,242,424","$874,957","$252,578"
Quincy,1,"$350,500","$345,000","$1,373,250,000","$37,057","$21,395"
Raceland,1,"$511,367","$512,400","$278,023,333","$16,674","$9,627"
Stamford,1,"$686,833","$504,500","$113,143,083,333","$336,367","$194,202"
St. Marys,1,"$919,500","$850,000","$589,605,416,667","$767,858","$290,223"
St. Louis Park,1,"$500,000","$500,000",$nan,$nan,$nan
Racine,1,"$413,000","$416,500","$135,750,000","$11,651","$6,727"
St. Clairsville,1,"$384,800","$384,800",$nan,$nan,$nan
Satellite Beach,1,"$3,273,133","$2,000,000","$9,185,634,747,500","$3,030,781","$1,010,260"
Radford,1,"$1,925,000","$1,600,000","$1,289,166,666,667","$1,135,415","$567,707"
St. Clair,1,"$268,667","$253,000","$5,586,333,333","$74,742","$43,152"
Ramon Santana,1,"$5,825,512","$5,812,500","$4,230,147,749,461","$2,056,732","$727,165"
Selmer,1,"$292,000","$307,000","$6,649,000,000","$81,541","$47,078"
St. Amant,1,"$454,675","$458,000","$2,236,929,167","$47,296","$23,648"
Rawlins,1,"$6,250,000","$6,250,000",$0,$0,$0
Quibor,1,"$390,000","$390,000",$nan,$nan,$nan
Queensbury,1,"$683,325","$448,600","$262,312,469,167","$512,164","$256,082"
Starkville,1,"$528,667","$496,000","$3,825,333,333","$61,849","$35,709"
Pusan,1,"$411,200","$411,200","$699,380,000","$26,446","$18,700"
State College,1,"$5,866,875","$5,666,666","$13,465,515,467,917","$3,669,539","$1,297,378"
Punxsutawney,1,"$1,002,500","$502,500","$1,030,675,000,000","$1,015,222","$507,611"
Steamboat Springs,1,"$355,833","$346,500","$2,045,583,333","$45,228","$26,112"
Pullman,1,"$397,500","$397,500","$612,500,000","$24,749","$17,500"
Round Rock,1,"$507,350","$507,350","$59,405,000","$7,707","$5,450"
Puerto Piritu,1,"$1,540,625","$2,100,000","$1,222,074,553,571","$1,105,475","$390,844"
Puerto Palenque,1,"$391,500","$370,500","$6,233,666,667","$78,954","$39,477"
Stillwater,1,"$11,589,234","$16,272,110","$45,610,012,999,930","$6,753,519","$2,036,262"
Stoughton,1,"$403,000","$281,000","$91,672,666,667","$302,775","$151,387"
Puerto Ordaz,1,"$635,350","$499,450","$81,193,123,333","$284,944","$142,472"
Stuart,1,"$668,400","$602,962","$116,979,623,718","$342,023","$171,011"
Royal Oak,1,"$1,585,000","$800,000","$2,763,737,500,000","$1,662,449","$554,150"
Sulphur,1,"$508,500","$508,500",$nan,$nan,$nan
Spring Valley,1,"$838,800","$825,000","$388,864,400,000","$623,590","$197,196"
Roswell,1,"$1,154,500","$730,000","$1,073,344,333,333","$1,036,023","$518,012"
Spokane,1,"$3,300,000","$3,300,000",$nan,$nan,$nan
Solito,1,"$271,750","$271,750","$9,316,125,000","$96,520","$68,250"
Simcoe,1,"$2,613,500","$2,600,000","$4,582,380,000,000","$2,140,649","$957,328"
Riverton,1,"$325,000","$325,000",$nan,$nan,$nan
Singapore,1,"$300,000","$300,000","$200,000,000","$14,142","$10,000"
Rivas,1,"$517,300","$517,300","$60,500,000","$7,778","$5,500"
Shiner,1,"$292,000","$316,000","$5,332,000,000","$73,021","$42,158"
Rockingham,1,"$1,533,333","$1,658,334","$982,160,580,247","$991,040","$313,394"
Ripley,1,"$235,000","$235,000",$nan,$nan,$nan
Rio San Juan,1,"$493,000","$493,000",$nan,$nan,$nan
Rockville,1,"$894,700","$500,000","$810,455,450,000","$900,253","$402,605"
Ridgewood,1,"$2,901,917","$2,107,500","$8,922,303,041,667","$2,987,022","$1,219,447"
Richmond Hill,1,"$448,000","$400,000","$20,520,000,000","$143,248","$64,062"
So-gun,1,"$9,700,000","$12,500,000","$35,325,000,000,000","$5,943,484","$2,658,007"
Richland,1,"$467,500","$410,000","$11,257,500,000","$106,101","$43,316"
Richardson,1,"$211,400","$211,400",$nan,$nan,$nan
Somerset,1,"$400,000","$400,000",$nan,$nan,$nan
Rosenberg,1,"$510,000","$510,000",$nan,$nan,$nan
Rhinelander,1,"$206,000","$206,000",$nan,$nan,$nan
Reynosa,1,"$3,926,714","$3,375,000","$14,018,103,904,762","$3,744,076","$1,415,128"
Rockville Centre,1,"$2,825,000","$2,433,333","$6,342,500,829,167","$2,518,432","$1,126,277"
Souderton,1,"$584,140","$492,400","$56,872,878,000","$238,480","$106,652"
Rome,1,"$500,000","$500,000",$nan,$nan,$nan
South Bend,1,"$2,040,000","$1,925,000","$553,407,487,407","$743,914","$235,246"
Seneca,1,"$223,750","$223,750","$253,125,000","$15,910","$11,250"
South Holland,1,"$4,179,062","$4,475,000","$7,673,935,602,679","$2,770,187","$979,409"
South Miami,1,"$2,570,188","$2,064,125","$6,330,199,723,958","$2,515,989","$1,257,994"
South Orange,1,"$400,000","$400,000",$nan,$nan,$nan
South Portland,1,"$851,500","$750,000","$165,931,750,000","$407,347","$235,182"
Remedios,1,"$2,587,500","$2,650,000","$70,625,000,000","$265,754","$132,877"
South Weymouth,1,"$945,800","$490,000","$1,059,078,200,000","$1,029,115","$460,234"
Redondo Beach,1,"$1,604,286","$450,000","$3,147,628,571,429","$1,774,156","$670,568"
Sun Valley,1,"$335,000","$335,000",$nan,$nan,$nan
Sunbury,1,"$1,631,875","$1,725,000","$752,413,839,286","$867,418","$306,679"
Russellville,1,"$400,000","$400,000",$nan,$nan,$nan
Toms River,1,"$8,674,267","$8,625,000","$1,645,893,226,667","$1,282,924","$523,751"
Placentia,1,"$500,000","$500,000",$nan,$nan,$nan
Sebastian,1,"$414,000","$414,000",$nan,$nan,$nan
Pittsburg,1,"$1,097,000","$750,000","$861,643,428,571","$928,248","$328,185"
Pingtung County,1,"$407,500","$407,500",$nan,$nan,$nan
Pinellas Park,1,"$605,980","$414,700","$75,956,822,000","$275,603","$123,253"
Seaford,1,"$3,264,330","$4,209,324","$3,047,010,314,252","$1,745,569","$1,007,805"
Three Rivers,1,"$2,413,909","$2,250,000","$3,789,820,090,909","$1,946,746","$586,966"
Tinley Park,1,"$475,000","$475,000",$nan,$nan,$nan
Titusville,1,"$446,000","$446,000","$882,000,000","$29,698","$21,000"
Tlalnepantla,1,"$1,712,857","$650,000","$3,095,490,476,190","$1,759,401","$664,991"
Toa Baja,1,"$432,533","$391,800","$16,152,813,333","$127,094","$73,378"
Tokushima,1,"$7,833,666","$7,833,666","$500,000,000,000","$707,107","$500,000"
Pimentel,1,"$315,000","$315,000","$450,000,000","$21,213","$15,000"
Salisbury,1,"$1,739,583","$1,102,000","$2,543,007,441,667","$1,594,681","$651,026"
Philipsburg,1,"$513,333","$516,000","$489,333,333","$22,121","$12,771"
Plano,1,"$359,250","$359,250","$2,080,125,000","$45,608","$32,250"
Scribner,1,"$1,500,000","$1,500,000","$125,000,000,000","$353,553","$250,000"
Topeka,1,"$1,438,750","$1,437,500","$18,006,250,000","$134,187","$67,094"
Petoskey,1,"$662,000","$662,000","$82,418,000,000","$287,085","$203,000"
Scarborough,1,"$589,700","$440,000","$67,935,450,000","$260,644","$116,564"
Petaluma,1,"$2,176,511","$1,275,000","$3,748,276,741,111","$1,936,047","$645,349"
Tovar,1,"$10,803,523","$10,875,000","$84,095,936,035,206","$9,170,384","$2,647,262"
Towanda,1,"$332,500","$332,500","$1,512,500,000","$38,891","$27,500"
Peru,1,"$2,757,000","$2,350,000","$6,424,126,333,333","$2,534,586","$957,983"
Trail,1,"$6,483,500","$4,750,000","$46,930,355,833,333","$6,850,573","$2,166,342"
Robstown,1,"$380,000","$380,000",$nan,$nan,$nan
Tsushima,1,"$816,667","$600,000","$215,833,333,333","$464,579","$268,225"
Pequannock,1,"$17,212,540","$16,729,365","$16,026,139,370,984","$4,003,266","$1,033,639"
Tulare,1,"$725,000","$725,000","$1,250,000,000","$35,355","$25,000"
Saugus,1,"$1,065,000","$502,500","$1,299,750,000,000","$1,140,066","$570,033"
Plainfield,1,"$5,276,667","$6,500,000","$9,414,389,237,778","$3,068,288","$1,372,180"
The Dalles,1,"$2,166,362","$2,378,248","$901,228,173,556","$949,330","$300,205"
Sunnyside,1,"$8,000,000","$8,000,000",$0,$0,$0
Port Jefferson,1,"$573,500","$500,000","$37,698,750,000","$194,162","$86,832"
Pueblo Viejo,1,"$2,943,750","$2,700,000","$2,036,741,071,429","$1,427,144","$504,572"
Sunnyvale,1,"$512,000","$512,000",$nan,$nan,$nan
Rutherford,1,"$419,800","$419,800",$nan,$nan,$nan
Pratt,1,"$2,358,571","$1,795,000","$3,558,189,285,714","$1,886,316","$712,961"
Surrey,1,"$891,500","$891,500","$11,400,500,000","$106,773","$75,500"
Poway,1,"$517,750","$517,750","$114,005,000","$10,677","$7,550"
Syosset,1,"$380,000","$380,000",$nan,$nan,$nan
Potosi,1,"$716,667","$700,000","$180,833,333,333","$425,245","$245,515"
Sabana Grande de Boya,1,"$302,550","$302,550",$nan,$nan,$nan
Tabara Arriba,1,"$1,199,867","$509,675","$1,459,852,153,958","$1,208,243","$697,580"
Selma,1,"$6,860,988","$7,725,000","$25,457,679,178,393","$5,045,560","$1,783,875"
Sabana de la Mar,1,"$402,500","$402,500",$nan,$nan,$nan
Porterville,1,"$315,000","$315,000",$nan,$nan,$nan
Portales,1,"$3,619,167","$3,000,000","$10,276,446,875,000","$3,205,690","$1,068,563"
Port Huron,1,"$2,532,667","$1,192,500","$8,466,848,666,667","$2,909,785","$1,187,915"
Plymouth,1,"$1,628,800","$1,628,800","$2,514,178,880,000","$1,585,616","$1,121,200"
Taloga,1,"$526,750","$526,750","$253,125,000","$15,910","$11,250"
Tanashi,1,"$2,950,000","$2,825,000","$541,666,666,667","$735,980","$367,990"
Port Hueneme,1,"$1,228,600","$358,000","$1,614,124,800,000","$1,270,482","$568,177"
Sellersville,1,"$6,175,000","$6,500,000","$3,103,863,636,364","$1,761,779","$508,582"
Port Charlotte,1,"$417,050","$417,050","$411,845,000","$20,294","$14,350"
Sechelt,1,"$6,353,071","$4,833,333","$28,770,093,715,491","$5,363,776","$1,433,529"
Teaneck,1,"$250,000","$250,000","$5,000,000,000","$70,711","$50,000"
Telford,1,"$512,900","$510,200","$338,530,000","$18,399","$10,623"
Temple,1,"$414,000","$414,000",$nan,$nan,$nan
Ponca City,1,"$401,000","$401,000",$nan,$nan,$nan
Saigon,1,"$3,410,714","$3,525,000","$5,997,886,904,762","$2,449,058","$925,657"
Terre Haute,1,"$510,000","$510,000",$nan,$nan,$nan
Texas City,1,"$485,000","$485,000",$nan,$nan,$nan
Point Pleasant,1,"$1,875,833","$600,000","$5,166,002,083,333","$2,272,884","$1,312,250"
Templeton,1,"$398,333","$400,000","$308,333,333","$17,559","$10,138"
Aberdeen,1,"$1,214,250","$943,750","$1,448,026,928,571","$1,203,340","$425,445"
Newnan,1,"$507,250","$507,250","$55,125,000","$7,425","$5,250"
Collierville,1,"$517,500","$517,500",$nan,$nan,$nan
Commack,1,"$2,416,667","$3,250,000","$3,583,333,333,333","$1,892,969","$1,092,906"
Compton,1,"$3,116,667","$4,000,000","$4,290,833,333,333","$2,071,433","$1,195,942"
Consolacion del Sur,1,"$420,000","$420,000",$nan,$nan,$nan
Constanza,1,"$517,666","$517,666","$243,321,800","$15,599","$11,030"
Coon Rapids,1,"$532,500","$400,000","$98,291,666,667","$313,515","$156,758"
Coral Springs,1,"$503,400","$503,400",$nan,$nan,$nan
Coronado,1,"$746,000","$575,000","$185,767,500,000","$431,008","$192,752"
Coudersport,1,"$392,333","$390,000","$136,333,333","$11,676","$6,741"
Council Bluffs,1,"$4,722,222","$5,083,333","$5,469,027,159,722","$2,338,595","$779,532"
Crest Hill,1,"$1,116,667","$1,100,000","$140,833,333,333","$375,278","$216,667"
Crestwood,1,"$1,790,333","$1,012,500","$3,045,690,666,667","$1,745,191","$712,471"
Crosby,1,"$406,833","$406,500","$289,083,333","$17,002","$9,816"
Cuitlahuac,1,"$1,507,143","$1,500,000","$100,357,142,857","$316,792","$119,736"
Culiacan,1,"$3,771,091","$1,900,000","$19,473,695,890,909","$4,412,901","$1,330,540"
Cumberland,1,"$444,500","$431,600","$968,710,000","$31,124","$17,970"
Cupira,1,"$562,625","$397,750","$116,775,229,167","$341,724","$170,862"
Dade City,1,"$300,000","$300,000",$nan,$nan,$nan
Daejeon,1,"$450,000","$450,000",$nan,$nan,$nan
Daito,1,"$1,000,000","$1,000,000",$nan,$nan,$nan
Dajabon,1,"$380,000","$380,000",$nan,$nan,$nan
Dalton,1,"$703,500","$468,500","$266,459,000,000","$516,197","$258,098"
Daly City,1,"$2,211,444","$1,900,000","$2,847,908,777,778","$1,687,575","$562,525"
Danbury,1,"$508,500","$508,500",$nan,$nan,$nan
Darlinghurst,1,"$871,667","$850,000","$445,908,333,333","$667,764","$385,534"
Darlington,1,"$3,131,488","$3,632,438","$4,934,180,341,402","$2,221,301","$702,437"
Collins,1,"$522,500","$522,500","$1,012,500,000","$31,820","$22,500"
Coffee,1,"$7,832,273","$10,200,000","$25,899,887,018,182","$5,089,193","$1,534,449"
Davie,1,"$512,500","$512,500","$312,500,000","$17,678","$12,500"
Coeur d'Alene,1,"$400,000","$400,000",$nan,$nan,$nan
Cherry Hill,1,"$1,097,417","$647,500","$1,094,672,041,667","$1,046,266","$427,136"
Chesapeake,1,"$509,500","$509,500",$nan,$nan,$nan
Chester,1,"$746,250","$675,000","$303,389,583,333","$550,808","$275,404"
Chesterfield,1,"$515,000","$515,000","$112,500,000","$10,607","$7,500"
Cheverly,1,"$1,733,333","$1,800,000","$253,333,333,333","$503,322","$290,593"
Chickasha,1,"$553,750","$528,750","$32,685,416,667","$180,791","$90,396"
Chico,1,"$6,343,137","$5,843,750","$21,089,237,097,402","$4,592,302","$1,227,344"
Chihuahua,1,"$203,333","$205,000","$8,333,333","$2,887","$1,667"
Chinandega,1,"$4,302,917","$2,900,000","$17,460,106,628,788","$4,178,529","$1,206,237"
Chitre,1,"$666,667","$725,000","$109,506,666,667","$330,918","$135,097"
Choon Chung Do,1,"$382,200","$382,200",$nan,$nan,$nan
Chorrera,1,"$733,333","$700,000","$63,333,333,333","$251,661","$145,297"
Christiana,1,"$515,800","$515,800",$nan,$nan,$nan
Christiansted,1,"$362,500","$362,500","$7,812,500,000","$88,388","$62,500"
Chun-Nam,1,"$422,875","$330,750","$41,003,062,500","$202,492","$101,246"
Cidra,1,"$635,000","$700,000","$33,650,000,000","$183,439","$91,720"
Ciudad Juarez,1,"$787,500","$850,000","$23,593,750,000","$153,603","$88,682"
Ciudad Ojeda,1,"$591,667","$625,000","$5,166,666,667","$71,880","$29,345"
Ciudad Victoria,1,"$2,589,583","$2,500,000","$2,864,651,041,667","$1,692,528","$690,972"
Clarks Summit,1,"$508,500","$508,500",$nan,$nan,$nan
Clay,1,"$509,000","$509,000","$450,000,000","$21,213","$15,000"
Clearfield,1,"$1,481,250","$1,150,000","$677,098,214,286","$822,860","$290,925"
Cleburne,1,"$2,488,594","$2,076,188","$5,662,785,993,490","$2,379,661","$1,189,830"
Clermont,1,"$515,000","$515,000",$nan,$nan,$nan
Clovis,1,"$722,500","$505,000","$204,141,666,667","$451,820","$225,910"
Davenport,1,"$232,500","$232,500",$nan,$nan,$nan
De Leon Springs,1,"$2,716,000","$2,575,000","$5,300,347,428,571","$2,302,248","$813,968"
Newhall,1,"$5,793,878","$4,250,000","$24,105,908,584,444","$4,909,777","$1,636,592"
Elkhorn,1,"$215,000","$215,000",$nan,$nan,$nan
Encinitas,1,"$205,000","$205,000",$nan,$nan,$nan
Encino,1,"$425,000","$425,000","$1,250,000,000","$35,355","$25,000"
Erie,1,"$491,000","$491,000",$nan,$nan,$nan
Estacion Lagunas,1,"$290,833","$330,000","$6,227,083,333","$78,912","$45,560"
Euclid,1,"$850,000","$925,000","$16,875,000,000","$129,904","$75,000"
Eureka,1,"$3,466,122","$4,687,300","$9,259,934,019,444","$3,043,014","$1,014,338"
Eureka Springs,1,"$6,437,273","$7,000,000","$22,830,976,818,182","$4,778,177","$1,440,675"
Eustis,1,"$1,353,200","$850,000","$1,247,147,200,000","$1,116,757","$499,429"
Evergreen,1,"$519,000","$519,000","$84,500,000","$9,192","$6,500"
Exeter,1,"$5,917,518","$4,225,000","$28,248,607,697,134","$5,314,942","$1,534,292"
Fajardo,1,"$443,750","$430,000","$58,722,916,667","$242,328","$121,164"
Fall River,1,"$507,800","$507,800",$nan,$nan,$nan
Falmouth,1,"$2,858,750","$2,152,500","$8,819,372,916,667","$2,969,743","$1,484,871"
Fargo,1,"$477,500","$437,500","$14,175,000,000","$119,059","$59,529"
Federal Way,1,"$625,375","$506,250","$91,825,562,500","$303,027","$151,514"
Festus,1,"$510,500","$510,500",$nan,$nan,$nan
Findlay,1,"$317,000","$317,000",$nan,$nan,$nan
Florissant,1,"$1,020,200","$425,000","$859,557,700,000","$927,123","$414,622"
Fomento,1,"$3,915,714","$2,975,000","$6,290,353,571,429","$2,508,058","$947,957"
Fort Belvoir,1,"$733,333","$625,000","$43,958,333,333","$209,662","$121,049"
Fort Benning,1,"$392,100","$392,100",$nan,$nan,$nan
Fort Campbell,1,"$4,872,000","$4,112,500","$17,970,029,142,857","$4,239,107","$1,498,751"
Fort Knox,1,"$498,500","$498,900","$309,880,000","$17,603","$10,163"
Fort Meade,1,"$3,923,611","$2,708,333","$16,649,511,620,370","$4,080,381","$1,665,809"
Fort Myers,1,"$300,000","$300,000",$nan,$nan,$nan
Ellsworth Air Force Base,1,"$4,115,625","$3,750,000","$7,899,453,125,000","$2,810,597","$993,696"
Elizabethtown,1,"$414,000","$414,000",$nan,$nan,$nan
DeLand,1,"$556,875","$556,875",$nan,$nan,$nan
El Tocuyo,1,"$490,500","$490,500",$nan,$nan,$nan
Defiance,1,"$4,112,438","$2,675,000","$17,670,953,959,821","$4,203,683","$1,486,227"
Deland,1,"$12,318,856","$12,333,333","$8,348,622,965,608","$2,889,398","$801,375"
Delano,1,"$245,000","$255,000","$1,675,000,000","$40,927","$23,629"
Des Plaines,1,"$11,860,071","$11,190,282","$10,082,170,446,813","$3,175,243","$1,122,618"
Deshler,1,"$502,300","$502,300",$nan,$nan,$nan
Devils Lake,1,"$2,620,000","$3,000,000","$2,678,250,000,000","$1,636,536","$731,881"
Don Gregorio,1,"$691,667","$825,000","$63,958,333,333","$252,900","$146,012"
Donora,1,"$9,039,177","$9,329,700","$14,547,640,112,192","$3,814,137","$1,150,006"
Dothan,1,"$9,391,133","$5,958,333","$79,203,592,806,015","$8,899,640","$2,814,313"
Douglasville,1,"$2,676,929","$2,425,000","$6,633,148,202,381","$2,575,490","$973,444"
Dover,1,"$1,764,600","$435,000","$3,734,505,800,000","$1,932,487","$864,234"
Dunkirk,1,"$1,182,025","$905,000","$894,443,402,500","$945,750","$472,875"
East Bontang,1,"$381,500","$381,500",$nan,$nan,$nan
East Los Angeles,1,"$2,911,660","$1,000,000","$10,687,597,278,000","$3,269,189","$1,462,026"
East Point,1,"$507,500","$507,500",$nan,$nan,$nan
East York,1,"$4,926,389","$5,050,000","$9,054,861,111,111","$3,009,130","$1,003,043"
Easton,1,"$1,500,000","$1,500,000","$500,000,000,000","$707,107","$500,000"
Eau Claire,1,"$8,214,286","$8,750,000","$5,113,095,238,095","$2,261,215","$854,659"
Edmonds,1,"$385,000","$385,000",$nan,$nan,$nan
Edmonton,1,"$220,000","$220,000",$nan,$nan,$nan
Edwardsville,1,"$230,000","$230,000","$800,000,000","$28,284","$20,000"
Effingham,1,"$860,000","$725,000","$408,900,000,000","$639,453","$241,690"
Eindhoven,1,"$395,750","$395,750","$36,125,000","$6,010","$4,250"
El Cercado,1,"$424,925","$424,925","$12,251,250","$3,500","$2,475"
El Mojan,1,"$400,000","$400,000",$nan,$nan,$nan
Chatsworth,1,"$1,762,000","$1,000,000","$2,205,720,000,000","$1,485,167","$664,187"
Chardon,1,"$395,000","$395,000",$nan,$nan,$nan
Chapel Hill,1,"$1,612,500","$505,000","$3,754,931,250,000","$1,937,764","$1,118,769"
Apple Valley,1,"$3,633,357","$2,450,000","$13,674,722,059,524","$3,697,935","$1,397,688"
Arita-gun,1,"$1,650,000","$1,650,000","$3,645,000,000,000","$1,909,188","$1,350,000"
Arjona,1,"$1,583,333","$850,000","$2,505,833,333,333","$1,582,982","$913,935"
Arroyo,1,"$2,211,667","$2,500,000","$1,883,862,500,000","$1,372,539","$457,513"
Artesia,1,"$1,185,400","$490,000","$1,081,190,175,000","$1,039,803","$465,014"
Ashland,1,"$3,943,750","$3,750,000","$8,064,019,642,857","$2,839,722","$1,003,993"
Astoria,1,"$838,609","$725,000","$270,565,455,655","$520,159","$232,622"
Attadale,1,"$992,500","$780,000","$572,825,000,000","$756,852","$378,426"
Auburn,1,"$400,000","$400,000",$nan,$nan,$nan
Auburndale,1,"$6,413,000","$5,350,000","$39,237,970,000,000","$6,264,022","$2,801,356"
Aurora,1,"$500,000","$500,000",$nan,$nan,$nan
Austell,1,"$1,325,750","$1,000,000","$979,176,625,000","$989,534","$329,845"
Avon Lake,1,"$353,333","$330,000","$2,908,333,333","$53,929","$31,136"
Bad Kissingen,1,"$973,222","$975,000","$407,738,944,444","$638,544","$212,848"
Bainbridge,1,"$1,685,292","$1,612,500","$962,278,293,561","$980,958","$283,178"
Baldwin Park,1,"$750,000","$750,000",$nan,$nan,$nan
Bamberg,1,"$4,723,375","$3,750,000","$18,764,313,982,143","$4,331,780","$1,531,515"
Bangor,1,"$359,000","$359,000","$3,362,000,000","$57,983","$41,000"
Barstow,1,"$1,021,600","$1,021,600",$nan,$nan,$nan
Bastrop,1,"$5,625,000","$6,916,667","$9,673,612,138,889","$3,110,243","$1,555,122"
Bath,1,"$5,000,000","$5,000,000",$nan,$nan,$nan
Bayonne,1,"$1,896,000","$2,000,000","$2,742,757,000,000","$1,656,127","$625,957"
Bayside,1,"$1,908,334","$1,741,667","$1,513,416,796,667","$1,230,210","$502,231"
Beaver Falls,1,"$492,000","$492,000",$nan,$nan,$nan
Beech Grove,1,"$317,000","$317,000",$nan,$nan,$nan
Beeville,1,"$1,666,667","$1,800,000","$53,333,333,333","$230,940","$133,333"
Arcadia,1,"$1,592,031","$983,750","$2,519,785,043,527","$1,587,383","$561,225"
Antioch,1,"$319,000","$319,000","$162,000,000","$12,728","$9,000"
Channelview,1,"$417,000","$417,000",$nan,$nan,$nan
Antigo,1,"$403,000","$403,000",$nan,$nan,$nan
Acarigua,1,"$860,500","$900,000","$130,230,750,000","$360,875","$208,351"
Agua Negra,1,"$3,355,451","$2,341,666","$9,056,929,034,765","$3,009,473","$868,760"
Aguadilla,1,"$13,805,000","$14,075,000","$27,415,805,555,556","$5,236,010","$1,655,772"
Aibonito,1,"$706,786","$700,000","$318,909,821,429","$564,721","$213,444"
Aira-gun,1,"$625,000","$625,000",$nan,$nan,$nan
Akron,1,"$518,000","$518,000","$112,500,000","$10,607","$7,500"
Alamogordo,1,"$355,000","$355,000","$18,050,000,000","$134,350","$95,000"
Alexander City,1,"$507,500","$507,500",$nan,$nan,$nan
Algona,1,"$400,000","$400,000",$nan,$nan,$nan
Allentown,1,"$498,515","$498,090","$274,431,567","$16,566","$8,283"
Alpena,1,"$6,000,000","$5,875,000","$229,166,666,667","$478,714","$239,357"
Alpharetta,1,"$488,000","$488,000",$nan,$nan,$nan
Altamira,1,"$6,773,214","$6,587,500","$26,770,333,104,396","$5,174,006","$1,382,811"
Altamonte Springs,1,"$4,829,600","$2,600,000","$19,101,174,933,333","$4,370,489","$1,382,070"
Amarillo,1,"$502,250","$502,250",$nan,$nan,$nan
American Fork,1,"$448,250","$448,250","$2,016,125,000","$44,901","$31,750"
Amherst,1,"$508,500","$508,500",$nan,$nan,$nan
Amityville,1,"$1,174,375","$887,500","$1,021,645,982,143","$1,010,765","$357,359"
Amory,1,"$1,403,960","$502,700","$1,636,211,023,000","$1,279,145","$572,051"
Amsterdam,1,"$517,133","$506,500","$1,073,903,333","$32,770","$18,920"
Anaconda,1,"$411,400","$412,500","$118,630,000","$10,892","$6,288"
Anadarko,1,"$500,000","$500,000",$nan,$nan,$nan
Anderson,1,"$4,415,971","$5,150,000","$8,130,658,939,048","$2,851,431","$1,077,740"
Andover,1,"$514,000","$514,000",$nan,$nan,$nan
Anola,1,"$3,261,875","$3,450,000","$5,119,842,410,714","$2,262,707","$799,988"
Belle Fourche,1,"$3,143,050","$2,375,000","$7,966,034,247,222","$2,822,416","$892,526"
Belton,1,"$490,500","$340,000","$83,826,250,000","$289,528","$129,481"
Benton,1,"$8,821,275","$5,000,000","$94,721,616,634,773","$9,732,503","$2,809,532"
Berea,1,"$218,000","$218,000",$nan,$nan,$nan
Busan,1,"$5,690,225","$4,437,500","$32,530,520,436,429","$5,703,553","$2,016,511"
Cagua,1,"$2,511,506","$2,682,592","$2,131,546,712,279","$1,459,982","$376,966"
Caguas,1,"$1,342,273","$1,300,000","$352,456,818,182","$593,681","$179,001"
Cairo,1,"$869,071","$800,000","$227,945,202,381","$477,436","$180,454"
Caja Seca,1,"$1,549,980","$930,000","$2,458,502,282,000","$1,567,961","$701,214"
Calgary,1,"$502,000","$502,000","$200,000,000","$14,142","$10,000"
Camarillo,1,"$480,000","$480,000",$nan,$nan,$nan
Campechuela,1,"$9,625,000","$9,750,000","$1,062,500,000,000","$1,030,776","$515,388"
Campina,1,"$973,571","$1,000,000","$223,805,952,381","$473,081","$178,808"
Canberra,1,"$2,200,000","$2,100,000","$70,000,000,000","$264,575","$152,753"
Canoga Park,1,"$5,272,268","$4,956,237","$12,663,665,091,722","$3,558,604","$986,979"
Canovanas,1,"$517,500","$517,500",$nan,$nan,$nan
Cantaura,1,"$215,000","$215,000","$200,000,000","$14,142","$10,000"
Cape Coral,1,"$513,800","$513,800","$188,180,000","$13,718","$9,700"
Cape Girardeau,1,"$2,142,200","$2,000,000","$3,034,309,200,000","$1,741,927","$779,013"
Cape May,1,"$508,500","$508,500",$nan,$nan,$nan
Carlisle,1,"$390,000","$390,000",$nan,$nan,$nan
Carson,1,"$1,275,000","$1,085,000","$1,136,910,000,000","$1,066,260","$435,299"
Carson City,1,"$384,523","$384,523",$nan,$nan,$nan
Carupano,1,"$552,100","$415,500","$44,923,300,000","$211,951","$94,787"
Catano,1,"$268,333","$255,000","$3,158,333,333","$56,199","$32,447"
Cedar City,1,"$416,200","$416,200","$480,500,000","$21,920","$15,500"
Centennial,1,"$512,250","$512,250","$190,125,000","$13,789","$9,750"
Cerro Azul,1,"$2,950,000","$2,950,000","$1,620,000,000,000","$1,272,792","$900,000"
Chalmette,1,"$400,000","$400,000",$nan,$nan,$nan
Burnaby,1,"$501,000","$501,000",$nan,$nan,$nan
Burlington,1,"$318,750","$290,000","$12,756,250,000","$112,944","$56,472"
Burlingame,1,"$3,125,000","$3,125,000",$nan,$nan,$nan
Boynton Beach,1,"$3,731,500","$3,030,000","$9,302,078,055,556","$3,049,931","$964,473"
Berwick,1,"$776,000","$776,000",$nan,$nan,$nan
Beverly,1,"$491,667","$425,000","$18,958,333,333","$137,689","$79,495"
Bishop,1,"$9,250,000","$9,250,000","$416,666,666,667","$645,497","$322,749"
Blackwell,1,"$4,107,292","$4,362,500","$9,513,701,657,197","$3,084,429","$890,398"
Blackwood,1,"$286,000","$268,000","$9,268,000,000","$96,270","$55,582"
Blue Island,1,"$7,299,500","$6,875,000","$36,557,313,611,111","$6,046,264","$1,911,997"
Bluefields,1,"$3,056,250","$3,450,000","$2,157,656,250,000","$1,468,896","$734,448"
Boise,1,"$492,500","$492,500",$nan,$nan,$nan
Bolivar,1,"$1,207,240","$530,000","$2,121,737,283,000","$1,456,618","$651,420"
Bossier City,1,"$4,035,150","$1,937,500","$22,146,488,002,778","$4,706,006","$1,488,170"
Boulder,1,"$1,175,000","$1,175,000",$nan,$nan,$nan
Brattleboro,1,"$382,375","$397,500","$1,185,229,167","$34,427","$17,214"
Buckeye,1,"$511,500","$506,000","$563,250,000","$23,733","$13,702"
Bremerton,1,"$1,318,077","$1,000,000","$805,560,576,923","$897,530","$248,930"
Brenham,1,"$487,750","$487,750","$120,125,000","$10,960","$7,750"
Brewster,1,"$218,000","$218,000",$nan,$nan,$nan
Bridgehampton,1,"$4,045,000","$4,000,000","$7,537,996,428,571","$2,745,541","$708,896"
Brighton,1,"$5,070,455","$7,000,000","$11,606,352,272,727","$3,406,810","$1,027,192"
Britton,1,"$482,000","$482,000",$nan,$nan,$nan
Brockport,1,"$486,750","$486,750","$66,125,000","$8,132","$5,750"
Brooksville,1,"$11,610,727","$14,062,500","$21,516,239,250,474","$4,638,560","$1,466,841"
Brownwood,1,"$200,000","$200,000",$nan,$nan,$nan
Brunswick,1,"$7,573,700","$5,762,500","$54,281,398,566,667","$7,367,591","$2,329,837"
Bryn Mawr,1,"$403,000","$403,000",$nan,$nan,$nan
Fort Polk,1,"$1,159,375","$700,000","$1,051,060,267,857","$1,025,212","$362,467"
Fort Scott,1,"$464,250","$432,250","$8,775,750,000","$93,679","$46,839"
Fort Thomas,1,"$500,000","$500,000","$5,000,000,000","$70,711","$50,000"
Abilene,1,"$8,457,244","$7,333,333","$51,273,963,794,395","$7,160,584","$1,985,989"
Longmont,1,"$422,000","$422,000",$nan,$nan,$nan
Los Llanos,1,"$1,200,000","$1,200,000","$20,000,000,000","$141,421","$100,000"
Los Santos,1,"$2,420,000","$2,600,000","$842,000,000,000","$917,606","$410,366"
Los Teques,1,"$1,073,333","$412,500","$1,397,916,666,667","$1,182,335","$482,686"
Lowell,1,"$2,731,250","$2,187,500","$6,708,072,916,667","$2,589,995","$1,294,997"
Lower Merion,1,"$687,200","$600,000","$122,740,200,000","$350,343","$156,678"
Lufkin,1,"$200,000","$200,000",$nan,$nan,$nan
Macon,1,"$371,333","$389,500","$2,480,083,333","$49,800","$28,752"
Madras,1,"$7,885,964","$5,225,000","$78,387,035,075,239","$8,853,645","$3,130,236"
Mamou,1,"$335,000","$335,000",$nan,$nan,$nan
Manakin Sabot,1,"$11,471,500","$9,850,000","$100,546,189,166,667","$10,027,272","$3,170,902"
Manila,1,"$278,000","$278,000",$nan,$nan,$nan
Manoguayabo,1,"$13,673,954","$14,000,000","$4,513,241,780,103","$2,124,439","$708,146"
Mansfield,1,"$625,000","$625,000","$31,250,000,000","$176,777","$125,000"
Maple Ridge,1,"$12,496,032","$12,666,667","$69,935,819,350","$264,454","$107,963"
Margarita,1,"$300,000","$300,000",$nan,$nan,$nan
Margate,1,"$540,000","$540,000",$nan,$nan,$nan
Maria Stein,1,"$456,700","$456,700","$3,378,420,000","$58,124","$41,100"
Marianna,1,"$1,132,444","$1,500,000","$314,972,527,778","$561,224","$187,075"
Mariposa,1,"$300,000","$300,000",$nan,$nan,$nan
Marquette,1,"$3,343,360","$3,750,000","$3,096,063,338,347","$1,759,563","$879,782"
Marshall,1,"$300,000","$300,000",$nan,$nan,$nan
Marshalltown,1,"$405,000","$405,000",$nan,$nan,$nan
Martinez,1,"$750,000","$550,000","$267,612,500,000","$517,313","$231,349"
Martinsville,1,"$5,925,000","$6,500,000","$1,934,375,000,000","$1,390,818","$621,993"
Londonderry,1,"$5,395,417","$6,500,000","$16,494,266,041,667","$4,061,313","$1,658,024"
Loma de Cabrera,1,"$6,702,761","$6,500,000","$27,986,358,408,400","$5,290,213","$1,467,241"
Lajas,1,"$200,500","$200,500",$nan,$nan,$nan
Loma Linda,1,"$1,990,000","$2,150,000","$584,250,000,000","$764,362","$341,833"
Lake Jackson,1,"$463,400","$463,400","$4,782,420,000","$69,155","$48,900"
Lake Wales,1,"$2,823,167","$2,150,000","$6,932,153,330,667","$2,632,898","$1,074,876"
Lakehurst,1,"$255,000","$255,000",$nan,$nan,$nan
Lamar,1,"$1,466,250","$665,000","$2,579,112,500,000","$1,605,962","$567,793"
Langley,1,"$855,900","$508,050","$508,177,073,333","$712,865","$356,433"
Las Martinas,1,"$6,750,000","$8,500,000","$11,680,555,555,556","$3,417,683","$1,080,766"
Las Mercedes,1,"$705,000","$348,000","$466,352,000,000","$682,900","$305,402"
Las Tablas,1,"$502,750","$502,500","$390,250,000","$19,755","$9,877"
Las Tunas,1,"$5,250,000","$5,250,000","$3,125,000,000,000","$1,767,767","$1,250,000"
Lawrenceburg,1,"$2,315,000","$2,041,666","$1,450,583,144,074","$1,204,402","$380,865"
Lawrenceville,1,"$409,000","$410,500","$200,666,667","$14,166","$7,083"
Lawton,1,"$825,000","$825,000","$105,750,000,000","$325,192","$132,759"
League City,1,"$520,000","$520,000","$800,000,000","$28,284","$20,000"
Leamington,1,"$223,333","$227,500","$52,083,333","$7,217","$4,167"
Leary,1,"$4,942,778","$4,750,000","$13,293,831,944,444","$3,646,071","$1,215,357"
Lee's Summit,1,"$515,333","$521,000","$530,333,333","$23,029","$13,296"
Leesburg,1,"$7,638,000","$8,000,000","$50,378,407,500,000","$7,097,775","$3,174,221"
Leon,1,"$1,230,000","$1,139,000","$785,303,500,000","$886,174","$443,087"
Lewiston,1,"$8,958,875","$8,062,500","$24,984,722,726,641","$4,998,472","$1,580,656"
Lewistown,1,"$493,500","$493,500",$nan,$nan,$nan
Lincolnwood,1,"$497,783","$494,500","$334,790,833","$18,297","$10,564"
Live Oak,1,"$1,218,750","$1,137,500","$133,072,916,667","$364,792","$182,396"
Livermore,1,"$766,050","$515,600","$273,510,576,667","$522,982","$261,491"
Liverpool,1,"$1,675,000","$1,675,000","$500,000,000,000","$707,107","$500,000"
Logansport,1,"$1,297,833","$1,412,500","$586,197,366,667","$765,635","$312,569"
Maryland Heights,1,"$2,684,920","$2,500,000","$1,118,141,729,321","$1,057,422","$399,668"
Marysville,1,"$1,113,571","$515,000","$852,191,369,048","$923,142","$348,915"
Maryvale,1,"$407,400","$407,400",$nan,$nan,$nan
Mazatlan,1,"$400,000","$400,000",$nan,$nan,$nan
Mount Kisco,1,"$500,000","$500,000",$nan,$nan,$nan
Mount Lebanon,1,"$225,000","$225,000",$0,$0,$0
Mount Vernon,1,"$1,256,812","$1,350,000","$854,762,709,821","$924,534","$326,872"
Mundo Nobo,1,"$1,497,083","$1,000,000","$1,758,775,520,833","$1,326,188","$765,675"
Muskegon,1,"$2,710,667","$2,000,000","$5,828,200,750,000","$2,414,167","$804,722"
Naguabo,1,"$607,000","$502,000","$35,659,000,000","$188,836","$109,024"
Naha,1,"$2,113,062","$1,162,500","$5,659,658,602,679","$2,379,004","$841,105"
Nandaime,1,"$1,388,760","$1,275,000","$1,020,061,688,000","$1,009,981","$451,677"
Napa,1,"$300,000","$300,000",$nan,$nan,$nan
Nara,1,"$3,000,000","$3,000,000",$nan,$nan,$nan
National City,1,"$504,500","$504,500",$nan,$nan,$nan
Navan,1,"$3,020,000","$1,500,000","$8,024,725,000,000","$2,832,795","$944,265"
Navojoa,1,"$453,250","$453,250","$5,356,125,000","$73,186","$51,750"
Neagari-cho,1,"$9,250,000","$8,000,000","$13,625,000,000,000","$3,691,206","$1,230,402"
Neenah,1,"$587,500","$587,500","$70,312,500,000","$265,165","$187,500"
Neosho,1,"$218,000","$218,000",$nan,$nan,$nan
Neptune,1,"$465,250","$392,000","$37,071,583,333","$192,540","$96,270"
Neu-Ulm,1,"$7,145,857","$8,750,000","$27,798,594,954,719","$5,272,437","$1,757,479"
New Bedford,1,"$264,000","$264,000","$392,000,000","$19,799","$14,000"
New Brighton,1,"$3,375,000","$3,625,000","$6,187,500,000,000","$2,487,469","$1,243,734"
New Milford,1,"$504,167","$505,000","$77,083,333","$8,780","$5,069"
New Port Richey,1,"$385,000","$385,000","$50,000,000","$7,071","$5,000"
Newberry,1,"$267,000","$267,000","$8,978,000,000","$94,752","$67,000"
Newburgh,1,"$416,667","$250,000","$110,833,333,333","$332,916","$192,209"
Newbury Park,1,"$515,500","$515,500",$nan,$nan,$nan
Mount Joy,1,"$1,231,800","$1,325,000","$588,188,700,000","$766,935","$342,984"
Mount Holly,1,"$424,000","$424,000",$nan,$nan,$nan
Mount Gilead,1,"$4,600,000","$4,600,000",$nan,$nan,$nan
Miami Lakes,1,"$1,737,500","$1,600,000","$904,843,750,000","$951,233","$549,194"
McAllen,1,"$1,920,450","$675,000","$5,464,150,007,000","$2,337,552","$954,302"
McCandless,1,"$4,563,889","$4,000,000","$12,818,923,611,111","$3,580,352","$1,193,451"
McKeesport,1,"$200,000","$200,000",$nan,$nan,$nan
McKinney,1,"$401,500","$401,500",$nan,$nan,$nan
McMinnville,1,"$2,183,571","$1,250,000","$3,204,472,619,048","$1,790,104","$676,596"
Meadville,1,"$210,000","$210,000",$nan,$nan,$nan
Medford,1,"$514,700","$514,700",$nan,$nan,$nan
Menasha,1,"$1,870,833","$1,350,000","$2,739,640,151,515","$1,655,186","$477,811"
Merrillville,1,"$4,276,000","$3,000,000","$9,612,080,000,000","$3,100,335","$1,386,512"
Merritt Island,1,"$504,300","$504,300",$nan,$nan,$nan
Mexicali,1,"$275,000","$275,000","$11,250,000,000","$106,066","$75,000"
Minami Muro-gun,1,"$570,000","$570,000","$64,800,000,000","$254,558","$180,000"
Mount Clemens,1,"$1,850,000","$1,850,000",$nan,$nan,$nan
Mineola,1,"$4,416,667","$6,350,000","$11,213,333,333,333","$3,348,632","$1,933,333"
Missoula,1,"$386,250","$386,250","$78,125,000","$8,839","$6,250"
Moca,1,"$510,000","$510,000",$nan,$nan,$nan
Monclova,1,"$2,975,812","$2,500,000","$6,354,660,281,250","$2,520,845","$891,253"
Moncton,1,"$2,556,250","$2,541,666","$141,026,711,310","$375,535","$132,772"
Monte Plata,1,"$530,000","$530,000",$nan,$nan,$nan
Monterey,1,"$260,000","$265,000","$2,775,000,000","$52,678","$30,414"
Monterey Park,1,"$7,402,136","$8,250,000","$23,760,180,204,545","$4,874,442","$1,469,699"
Morehead City,1,"$1,084,567","$510,800","$1,018,756,243,333","$1,009,335","$582,740"
Morristown,1,"$4,964,429","$3,100,000","$17,005,977,285,714","$4,123,830","$1,558,661"
Moses Lake,1,"$2,459,444","$3,000,000","$3,059,741,277,778","$1,749,212","$583,071"
Lake Forest,1,"$520,300","$524,800","$1,314,790,000","$36,260","$20,935"
Laguna Salada,1,"$1,116,333","$1,019,000","$506,898,666,667","$711,968","$290,660"
Fountain,1,"$5,534,171","$3,475,000","$26,125,064,289,048","$5,111,268","$1,931,878"
Gulfport,1,"$4,757,143","$5,250,000","$7,784,523,809,524","$2,790,076","$1,054,550"
Habikino,1,"$8,333,333","$9,500,000","$6,083,333,333,333","$2,466,441","$1,424,001"
Hahira,1,"$4,988,889","$4,650,000","$11,656,736,111,111","$3,414,196","$1,138,065"
Hallettsville,1,"$722,100","$492,500","$173,784,550,000","$416,875","$186,432"
Hampton,1,"$657,500","$657,500","$143,112,500,000","$378,302","$267,500"
Harlingen,1,"$415,000","$415,000",$nan,$nan,$nan
Harrisburg,1,"$510,350","$510,350",$nan,$nan,$nan
Hartford,1,"$320,000","$320,000",$nan,$nan,$nan
Hartland,1,"$396,250","$396,250","$78,125,000","$8,839","$6,250"
Hartselle,1,"$741,667","$550,000","$265,208,333,333","$514,984","$297,326"
Hartsville,1,"$1,488,500","$1,488,500","$1,946,364,500,000","$1,395,122","$986,500"
Harvey,1,"$2,563,417","$2,500,000","$3,767,295,041,667","$1,940,952","$792,390"
Havre de Grace,1,"$6,300,000","$6,300,000",$0,$0,$0
Hebron,1,"$505,833","$507,000","$204,083,333","$14,286","$8,248"
Herrin,1,"$320,000","$320,000",$nan,$nan,$nan
Hickory,1,"$2,485,333","$916,667","$7,524,241,960,778","$2,743,035","$1,226,723"
Hicksville,1,"$315,500","$315,500","$60,500,000","$7,778","$5,500"
Hidden Hills,1,"$506,809","$506,809",$nan,$nan,$nan
Higashi Ibaraki-gun,1,"$4,000,000","$4,000,000",$nan,$nan,$nan
Higashi Yamato,1,"$5,375,000","$6,500,000","$6,729,166,666,667","$2,594,064","$1,297,032"
Higashi-Osaka,1,"$5,442,857","$5,500,000","$4,160,634,501,587","$2,039,763","$770,958"
Highland,1,"$327,000","$327,000",$nan,$nan,$nan
Higuera de Zaragoza,1,"$847,727","$900,000","$211,056,818,182","$459,409","$138,517"
Higuerito,1,"$511,000","$511,000",$nan,$nan,$nan
Higuerote,1,"$400,000","$400,000",$nan,$nan,$nan
Hillsboro,1,"$5,250,000","$5,250,000",$0,$0,$0
Gwangju,1,"$2,500,000","$2,500,000",$nan,$nan,$nan
Guelph,1,"$530,000","$530,000",$nan,$nan,$nan
Laguna Beach,1,"$217,000","$217,000","$98,000,000","$9,899","$7,000"
Guaynabo,1,"$447,250","$447,250","$2,211,125,000","$47,023","$33,250"
Frankfort,1,"$361,500","$361,500","$4,140,500,000","$64,347","$45,500"
Franklin,1,"$508,800","$508,800",$nan,$nan,$nan
Freeport,1,"$508,250","$508,250","$78,125,000","$8,839","$6,250"
Fremont,1,"$400,000","$400,000",$nan,$nan,$nan
Fukuoka,1,"$933,333","$912,500","$60,416,666,667","$245,798","$100,347"
Gambrills,1,"$7,390,000","$7,200,000","$3,085,500,000,000","$1,756,559","$785,557"
Garden City,1,"$250,000","$250,000","$800,000,000","$28,284","$20,000"
Gatineau,1,"$495,000","$495,000","$50,000,000","$7,071","$5,000"
Geelong,1,"$2,412,500","$3,000,000","$1,380,625,000,000","$1,175,000","$587,500"
Gilroy,1,"$510,000","$510,000",$nan,$nan,$nan
Glendive,1,"$414,000","$414,000",$nan,$nan,$nan
Goddard,1,"$514,167","$505,000","$752,083,333","$27,424","$15,833"
Golden Valley,1,"$5,742,857","$7,166,667","$11,507,302,339,683","$3,392,241","$1,282,147"
Goldsboro,1,"$505,250","$505,250","$36,125,000","$6,010","$4,250"
Grand Junction,1,"$1,883,333","$1,525,000","$578,666,666,667","$760,701","$310,555"
Greenfield Park,1,"$200,000","$200,000",$nan,$nan,$nan
Greensboro,1,"$382,500","$382,500",$nan,$nan,$nan
Greensburg,1,"$403,800","$403,800",$nan,$nan,$nan
Griffin,1,"$508,100","$508,100",$nan,$nan,$nan
Guadalajara,1,"$1,435,333","$529,000","$2,538,462,333,333","$1,593,255","$919,866"
Guanare,1,"$747,333","$750,000","$64,521,333,333","$254,010","$146,653"
Guasave,1,"$1,316,667","$1,150,000","$742,666,666,667","$861,781","$351,821"
Guatire,1,"$516,000","$514,000","$732,000,000","$27,055","$15,620"
Guayanilla,1,"$506,733","$507,800","$106,943,333","$10,341","$5,971"
Guaymas,1,"$326,667","$325,000","$508,333,333","$22,546","$13,017"
Hiroshima,1,"$1,625,000","$1,625,000","$1,531,250,000,000","$1,237,437","$875,000"
Hobart,1,"$540,000","$380,000","$97,600,000,000","$312,410","$180,370"
Hoboken,1,"$825,000","$850,000","$23,571,428,571","$153,530","$54,281"
Holly Hill,1,"$3,592,286","$2,800,000","$18,982,900,988,095","$4,356,937","$1,646,767"
Kaohsiung City,1,"$3,887,333","$3,863,666","$498,962,718,222","$706,373","$353,186"
Kashiwa,1,"$500,000","$500,000",$nan,$nan,$nan
Kemmerer,1,"$2,720,800","$2,100,000","$6,015,518,455,556","$2,452,655","$775,598"
Kennesaw,1,"$4,273,469","$4,300,000","$7,591,027,002,791","$2,755,182","$918,394"
Kennewick,1,"$5,166,250","$3,400,000","$28,161,112,500,000","$5,306,704","$1,876,203"
Kingman,1,"$817,500","$777,500","$228,635,714,286","$478,159","$169,055"
Kirkwood,1,"$719,167","$822,500","$160,294,166,667","$400,368","$163,449"
Kishiwada,1,"$2,500,000","$2,500,000",$nan,$nan,$nan
Kita Morokata-gun,1,"$1,400,000","$1,400,000",$nan,$nan,$nan
Kitchener,1,"$380,000","$380,000",$nan,$nan,$nan
Kittanning,1,"$750,000","$750,000",$nan,$nan,$nan
Klamath Falls,1,"$511,500","$511,500",$nan,$nan,$nan
Kochi,1,"$3,366,667","$4,500,000","$3,853,333,333,333","$1,962,991","$1,133,333"
Kokomo,1,"$1,042,875","$502,500","$1,296,914,729,167","$1,138,822","$569,411"
Konan,1,"$4,000,000","$4,000,000",$nan,$nan,$nan
Kongju,1,"$9,093,327","$9,900,000","$31,766,880,131,913","$5,636,212","$1,878,737"
Kosciusko,1,"$9,195,000","$12,000,000","$37,359,138,888,889","$6,112,212","$1,932,851"
Kula,1,"$413,000","$413,000","$338,000,000","$18,385","$13,000"
La Delgada,1,"$478,750","$478,750","$102,378,125,000","$319,966","$226,250"
La Jolla,1,"$401,000","$401,000","$2,000,000","$1,414","$1,000"
La Marque,1,"$1,950,000","$2,200,000","$377,500,000,000","$614,410","$354,730"
La Plata,1,"$976,200","$575,000","$667,597,200,000","$817,066","$365,403"
La Porte,1,"$397,500","$397,500","$612,500,000","$24,749","$17,500"
La Sabana,1,"$1,725,500","$1,759,750","$1,950,678,600,000","$1,396,667","$570,187"
Ladner,1,"$511,250","$511,250","$120,125,000","$10,960","$7,750"
Kankakee,1,"$400,000","$425,000","$5,000,000,000","$70,711","$35,355"
Juneau,1,"$300,000","$300,000",$nan,$nan,$nan
Junction City,1,"$568,333","$557,500","$26,902,083,333","$164,019","$94,696"
Hutchinson,1,"$495,000","$495,000","$200,000,000","$14,142","$10,000"
Holyoke,1,"$1,233,333","$600,000","$1,403,333,333,333","$1,184,624","$683,943"
Homer,1,"$828,750","$714,500","$186,176,916,667","$431,482","$215,741"
Hornsby,1,"$434,667","$418,000","$2,912,333,333","$53,966","$31,157"
Hortonville,1,"$327,000","$327,000",$nan,$nan,$nan
Hoyleton,1,"$5,477,778","$5,366,667","$1,250,518,099,259","$1,118,266","$456,530"
Hualien,1,"$324,500","$324,500","$112,500,000","$10,607","$7,500"
Huatabampo,1,"$812,500","$691,000","$167,774,333,333","$409,603","$204,801"
Humble,1,"$463,000","$435,000","$30,517,000,000","$174,691","$100,858"
Huntingburg,1,"$418,167","$420,000","$97,583,333","$9,878","$5,703"
Huntingdon,1,"$1,500,000","$1,500,000",$nan,$nan,$nan
Huntsville,1,"$3,532,800","$655,000","$17,137,326,700,000","$4,139,725","$1,851,341"
Hyogo,1,"$2,391,667","$2,500,000","$3,203,958,333,333","$1,789,960","$1,033,434"
Jun Ju City,1,"$210,000","$210,000",$nan,$nan,$nan
Hyuga,1,"$2,165,625","$1,831,250","$1,658,476,562,500","$1,287,819","$643,909"
Incheon,1,"$3,833,166","$3,833,166","$499,667,055,444","$706,871","$499,833"
Inchon,1,"$451,500","$451,500","$44,104,500,000","$210,011","$148,500"
Indiana,1,"$313,000","$313,000","$128,000,000","$11,314","$8,000"
Inglewood,1,"$1,829,074","$1,540,000","$2,033,008,837,562","$1,425,836","$475,279"
Isla de la Juventud,1,"$1,714,286","$1,714,286",$nan,$nan,$nan
Issaquah,1,"$420,400","$420,400",$nan,$nan,$nan
Itami,1,"$22,000,000","$22,000,000",$0,$0,$0
Jennings,1,"$1,375,000","$1,375,000","$781,250,000,000","$883,883","$625,000"
Johnstown,1,"$750,000","$750,000","$5,000,000,000","$70,711","$50,000"
Joplin,1,"$531,750","$531,750","$3,741,125,000","$61,165","$43,250"
Zephyrhills,1,"$1,016,000","$525,000","$1,118,290,666,667","$1,057,493","$528,746"
